-- phpMyAdmin SQL Dump
-- version 3.5.2.2
-- http://www.phpmyadmin.net
--
-- Host: 127.0.0.1
-- Generation Time: Mar 21, 2013 at 02:45 AM
-- Server version: 5.5.27
-- PHP Version: 5.4.7

SET SQL_MODE="NO_AUTO_VALUE_ON_ZERO";
SET time_zone = "+00:00";


/*!40101 SET @OLD_CHARACTER_SET_CLIENT=@@CHARACTER_SET_CLIENT */;
/*!40101 SET @OLD_CHARACTER_SET_RESULTS=@@CHARACTER_SET_RESULTS */;
/*!40101 SET @OLD_COLLATION_CONNECTION=@@COLLATION_CONNECTION */;
/*!40101 SET NAMES utf8 */;

--
-- Database: `cmsid_22_0_358`
--

-- --------------------------------------------------------

--
-- Table structure for table `iw_menu`
--

DROP TABLE IF EXISTS `iw_menu`;
CREATE TABLE IF NOT EXISTS `iw_menu` (
  `id` tinyint(3) unsigned NOT NULL AUTO_INCREMENT,
  `parent_id` tinyint(3) unsigned NOT NULL DEFAULT '0',
  `title` varchar(255) NOT NULL DEFAULT '',
  `url` varchar(255) NOT NULL DEFAULT '',
  `class` varchar(255) NOT NULL DEFAULT '',
  `position` tinyint(3) unsigned NOT NULL DEFAULT '0',
  `group_id` tinyint(3) unsigned NOT NULL DEFAULT '1',
  PRIMARY KEY (`id`)
) ENGINE=MyISAM  DEFAULT CHARSET=latin1 AUTO_INCREMENT=44 ;

--
-- Dumping data for table `iw_menu`
--

INSERT INTO `iw_menu` (`id`, `parent_id`, `title`, `url`, `class`, `position`, `group_id`) VALUES
(8, 0, 'Home', './', 'home', 1, 1),
(9, 0, 'Gallery', '?com=gallery', '', 2, 1),
(12, 0, 'Settings', '?com=setting', '', 3, 1),
(33, 0, 'Home', './', '', 1, 8),
(34, 0, 'Hubungi Kami', '?com=contact', '', 2, 8),
(35, 0, 'Dukung Kami', '?com=page&id=73', '', 3, 8),
(41, 0, 'About', '?com=page&id=2', '', 4, 8),
(43, 0, 'Simple Page', '?com=page&id=4', '', 2, 8);

-- --------------------------------------------------------

--
-- Table structure for table `iw_menu_group`
--

DROP TABLE IF EXISTS `iw_menu_group`;
CREATE TABLE IF NOT EXISTS `iw_menu_group` (
  `id` smallint(5) unsigned NOT NULL AUTO_INCREMENT,
  `title` varchar(255) NOT NULL,
  PRIMARY KEY (`id`)
) ENGINE=MyISAM  DEFAULT CHARSET=latin1 AUTO_INCREMENT=14 ;

--
-- Dumping data for table `iw_menu_group`
--

INSERT INTO `iw_menu_group` (`id`, `title`) VALUES
(1, 'Menu Utama'),
(8, 'Menu Header');

-- --------------------------------------------------------

--
-- Table structure for table `iw_options`
--

DROP TABLE IF EXISTS `iw_options`;
CREATE TABLE IF NOT EXISTS `iw_options` (
  `option_name` varchar(68) NOT NULL,
  `option_value` longtext NOT NULL
) ENGINE=InnoDB DEFAULT CHARSET=latin1;

--
-- Dumping data for table `iw_options`
--

INSERT INTO `iw_options` (`option_name`, `option_value`) VALUES
('template', 'portal'),
('sitename', 'CMS ID | Content Management System Indonesia'),
('sitedescription', 'Keterangan dari website'),
('sitekeywords', 'keyword website'),
('admin_email', 'id.hpaherba@yahoo.co.id'),
('site_public', '1'),
('site_charset', 'UTF-8'),
('siteurl', 'http://localhost/cmsid/build/0.3.58'),
('active_plugins', '{"codemirror/codemirror.php":"1","timer.php":"0","activity-records.php":"1","activity/activity.php":"1","disk-memory-usage.php":"1"}'),
('siteslogan', 'slogan website'),
('avatar_default', 'mystery'),
('html_type', 'text/html'),
('frontpage', 'post'),
('menu-action', '[''aksi'':{''posts'':{''title'':''Post'',''link'':''?action=post''},''pages'':{''title'':''Pages'',''link'':''?action=pages''}}]'),
('timezone', 'Asia/Jakarta'),
('site_copyright', '2012 | CMS ID'),
('recent_reg_limit', '30'),
('referal_limit', '10'),
('feed-news', '{"news_feeds":{"News Feed Local":"http://localhost/cmsid/server/2.1.4/rss.xml"},"display":{"desc":0,"author":0,"date":0,"limit":30}}'),
('datetime_format', 'Y/m/d'),
('avatar_default', 'mystery'),
('author', 'admin'),
('account_registration', ''),
('text_editor', ''),
('disk_limit', '100'),
('post_comment', '1'),
('rewrite', 'advance'),
('body_layout', 'left'),
('dashboard_widget', '{"normal":"dashboard_update_info,dashboard_recent_registration,disk_memory_overview,dashboard_feed_news,dashboard_refering,","side":"dashboard_quick_post,activity_records,"}'),
('use_smilies', '1'),
('date_format', 'F j, Y'),
('security_pip', '[{"file":"comment_on_post","ip":"::1","time":13604101830}]'),
('avatar_type', 'computer'),
('image_allaw', '{"image\\/png":".png","image\\/x-png":".png","image\\/gif":".gif","image\\/jpeg":".jpg","image\\/pjpeg":".jpg"}'),
('file_allaw', '["txt","csv","htm","html","xml","css","doc","xls","rtf","ppt","pdf","swf","flv","avi","wmv","mov","jpg","jpeg","gif","png"]'),
('account_registration', ''),
('activity_record_echo_limit', '30'),
('jump_app', '1'),
('header-notif-x', '1'),
('sidebar_widgets', '{"sidebar-1":["archives","meta"],"sidebar-2":["archives","categories"],"sidebar-3":[],"sidebar-4":[],"sidebar-5":[],"sidebar-6":["meta","pages"]}'),
('account_registration', '1'),
('account_registration', '1'),
('account_registration', '1'),
('account_registration', '1'),
('account_registration', '1'),
('s', 's');

-- --------------------------------------------------------

--
-- Table structure for table `iw_post`
--

DROP TABLE IF EXISTS `iw_post`;
CREATE TABLE IF NOT EXISTS `iw_post` (
  `id` bigint(20) NOT NULL AUTO_INCREMENT,
  `user_login` varchar(80) NOT NULL,
  `date_post` datetime NOT NULL,
  `title` text NOT NULL,
  `content` longtext NOT NULL,
  `mail` varchar(160) NOT NULL,
  `post_topic` bigint(20) NOT NULL,
  `hits` int(11) NOT NULL,
  `tags` varchar(225) NOT NULL,
  `sefttitle` varchar(200) NOT NULL,
  `type` varchar(20) NOT NULL,
  `status` int(1) NOT NULL DEFAULT '0',
  `thumb` longtext NOT NULL,
  `thumb_desc` text NOT NULL,
  `approved` int(1) NOT NULL DEFAULT '0',
  `meta_keys` text NOT NULL,
  `meta_desc` text NOT NULL,
  PRIMARY KEY (`id`)
) ENGINE=MyISAM  DEFAULT CHARSET=latin1 AUTO_INCREMENT=69 ;

--
-- Dumping data for table `iw_post`
--

INSERT INTO `iw_post` (`id`, `user_login`, `date_post`, `title`, `content`, `mail`, `post_topic`, `hits`, `tags`, `sefttitle`, `type`, `status`, `thumb`, `thumb_desc`, `approved`, `meta_keys`, `meta_desc`) VALUES
(40, 'admin', '2011-10-23 08:53:37', 'Widget Feature Edit Administrator Panel for cmsid 2.1', '<p>hallo teman teman, ngk kerasa nie dah seminggu ngk update artikel.</p>\r\n\n<p>baik kali ini saya berusaha menyempatkan diri menuliskan artikel ini, dari beberapa artikel kebanyakan saya hanya menulis tentang update terbaru dari cmsid 2.1 beta.</p>\r\n\n<p>nah kali ini saya akan membahas beberapa feature tambahan lagi yang di bawa / diusung pada release berikutnya.</p>\r\n\n<p>anda penasaran, baik ikuti penjalasan saya berikut ini.</p>\r\n\n<p>feature feature tambahan pada cmsid 2.1 release berikut saya akan jelaskan, seperti judulnya wiget Edit Administrator panel, disini anda bisa mengubah dan mengature beberapa settingan atau configurasi dari setiap widget yang menggunakan feature configurasi.</p>\r\n\n<p>disini anda dipandu tidak memasuki pada page baru melainkan masih tetap pada widget yang anda setting,..</p>\r\n\n<p> </p>\r\n\n<p>contohnya bisa anda lihat pada demo berikut ini:</p>\r\n\n<p><img src="http://farm7.static.flickr.com/6234/6228664159_3e99f83aaf_z.jpg" alt="" width="400" height="345"></p>\r\n\n<p><img src="http://farm7.static.flickr.com/6231/6228664171_c5cbe061a9_z.jpg" alt="" width="513" height="332"></p>\r\n\n<p>disini anda cukup mengatur beberapa settingan dari widget admin panel yang dibuat sesuai dengan kebutuhan, yang dilakukukan dengan cepat dan mudah.</p>\r\n\n<p> </p>\r\n\n<p>feature berukutnya yaitu form generator, disini anda bisa membuat sebuah form hanya dengan meload class "forms_generator" saja lalu anda tambahkan code input dan button itu saja anda sudah membuat form, hal ini  sudah saya terapkan pada contoh form widget "Feed News" seperti gambar diatas tadi.</p>\r\n\n<p> </p>', 'admin@cmsid.org', 17, 434, 'widget,admin,panel,cmsid,2.1', 'widget-feature-edit-administrator-panel-for-cmsid-2-1', 'post', 1, 'wallpaper_creativity_bulb_2560x1600.jpg', '', 1, '', ''),
(39, 'admin', '2011-10-23 08:52:46', 'segera update cmsid versi 2.1 beta 3 anda', '<p>kami selaku developert meminta maaf karna ada beberapa bug yang harus anda tutup dengan update terbaru. kami mengaku bahwa system kami tidak sepenuhnya sempurna. tapi kami akan berusaha semaksimal mungkin untuk membuat cmsid ini menjadi lebih baik.</p>\r\n\n<p>bagi anda yang sudah mendownload atau terlanjur mencoba cmsid versi 2.1 beta 3 diharapkan segera menutup bug ini.</p>\r\n\n<p>karna jika cmsid v 2.1 beta 3 tidak segra di update dengan update yang saya sertakan ini. saya tidak akan bertanggung jawab atas segala kerusakan yang lebih parah nantinya..</p>\r\n\n<p>baik saya tidak akan berlama lama ini saya sertakan filnya</p>\r\n\n<p> </p>\r\n\n<p> </p>\r\n\n<p>source: <a href="http://cmsid.googlecode.com/files/perbaikan%20bug-%20cmsid%20v%202.1%20beta%203.zip">perbaikan bug- cmsid v 2.1 beta 3.zip</a></p>\r\n\n<p>versi: 2.1 beta 3</p>\r\n\n<p> </p>\r\n\n<p>cara update:</p>\r\n\n<p>1. extraxt file <a href="http://cmsid.googlecode.com/files/perbaikan%20bug-%20cmsid%20v%202.1%20beta%203.zip">perbaikan bug- cmsid v 2.1 beta 3.zip</a></p>\r\n\n<p>2. timpahkan file yang di extraxt sesuai dengan nama direktori masing masing file cmsid</p>\r\n\n<p> </p>\r\n\n<p>maaf atas keterlambatan update..</p>\r\n\n<p>sekiranya ada kesalahan kami para developert meminta maaf..</p>\r\n\n<p> </p>\r\n\n<p>by eko</p>\r\n\n<p>dev cmsid</p>', 'admin@cmsid.org', 2, 500, 'bug repair,2.1,beta', 'segera-update-cmsid-versi-2-1-beta-3-anda', 'post', 1, '512-software-update.jpg', '', 1, '', ''),
(38, 'admin', '2011-10-23 08:51:14', 'cmsid 2.1 beta 3 release', '<p>alhamdulillah saya sebagai dev/ pengembang cmsid sangat bersyukur sekali, bagaimana tidak sejak peluncuran versi 2.1 banyak perubahan perubahan yang kami lakukkan terutama pada system cmsid yang insyaallah membantu dan menujang kinerja cmsid itu sendiri.</p>\r\n\n<p>saya sendiri mengaku bahwa cmsid sendiri diadobsi dari berbagai content baik itu content security, publisher, interface dan lain lain.</p>\r\n\n<p>hal diatas tadi yang mendorong saya untuk melakukkan beberapa perubahan sampai nantinya terelease cms yang effisien digunakan, menarik, juga mudah.</p>\r\n\n<p> </p>\r\n\n<p>ada beberapa yang menarik dari tereleasenya cmsid v 2.1 beta 3 ini yaitu..</p>\r\n\n<p><strong>1. action content</strong></p>\r\n\n<p>dimana anda dapat mengatur tata letak layout content sesuai dengan selera anda.</p>\r\n\n<p>disini anda juga bisa berperan sebagai modifikator.</p>\r\n\n<p>function yang ditambahkan adalah penggantian var</p>\r\n\n<p>$GLOBALS[''layout'']; ke function set_layout();</p>\r\n\n<p>penggunaannya</p>\r\n\n<p>settingan yang diganti:</p>\r\n\n<p>left<span style="white-space: pre;"> </span>-> content berada dikiri</p>\r\n\n<p>right<span style="white-space: pre;"> </span>-> content berada dikanan</p>\r\n\n<p>center-> content berada ditengah</p>\r\n\n<p>s-left<span style="white-space: pre;"> </span>-> content dikanan dan sidebar dikiri semua</p>\r\n\n<p>s-right->content dikiri dan sidebar dikanan semua</p>\r\n\n<p>full <span style="white-space: pre;"> </span>-> content full 100% dan sidebar hidden</p>\r\n\n<p>penggunaannya:</p>\r\n\n<p>set_layout(''left''); // content berada dikiri</p>\r\n\n<p> </p>\r\n\n<p><strong>2. setting plugin</strong></p>\r\n\n<p>disini anda bisa set and up plugin yang anda buat sessuai dengan content yang anda buat, cukup dengan masuk ke menu plugins dan klik setting jika tersedia.</p>\r\n\n<p>perhatian: ada bebrapa feature dari plugins ini yang belum kami selesaikan.</p>\r\n\n<p><strong>3. widget auto save</strong></p>\r\n\n<p>feature ini memungkinkan anda dapat memindah mindah urutan dari widget administrator sesuai dengan selera anda</p>\r\n\n<p>dan masih banya feature lainnya yang bisa anda coba..</p>\r\n\n<p> </p>\r\n\n<p>selamat mencoba versi beta 3</p>\r\n\n<p> </p>\r\n\n<p>salam id</p>\r\n\n<p>by eko</p>\r\n\n<p> </p>\r\n\n<p> </p>\r\n\n<p> </p>\r\n\n<p> </p>', 'admin@cmsid.org', 18, 307, '2.1,cmsid', 'cmsid-2-1-beta-3-release', 'post', 1, 'C_Box03.jpg', '', 1, '', ''),
(34, 'admin', '2011-09-23 08:30:04', 'cms id versi 2.1 beta relase dengan code name butterfly', '<p>alhamdulillah akhirnya rampung juga versi 2.1 walaupun masih beta.</p>\r\n\n<p>baik trimakasih kepada temen temen yang sudah mendukung kami selaku developer cmsid, telah sekian lama menunggu versi terbaru dari cmsid, akhirnya release juga.. hhmm alhamdulillah sedikit lega nich..:).</p>\r\n\n<p>saya pernah menulis artikel bahwa versi terbaru cmsid akan dirilis di bulan agustus 2011 bertepatan dengan bulan suci ramadhan.., ya kini versi 2.1 bisa anda nikmati tapi inibaru untuk versi betanya, jadi bagi anda yang tidak sabar ingin mencobanya silahkan download pada halaman download.,</p>\r\n\n<p>baik saya tidak akan berpanjang lebar, yang menarik disini ialah kami menambahkan codename untuk versi 2.1 dengan code name butterfly.</p>\r\n\n<p>oke dech itu sedikit ulasan dari release versi terbaru.</p>\r\n\n<p>trus cara installnya masih sama ngk..??</p>\r\n\n<p>jawab: masih sama silahkan anda baca file readme.txt yang saya sertakan didalamnnya.</p>\r\n\n<p>berikut video installasi cmsid</p>\r\n\n<p>installasi menggunakan appserver</p>\r\n\n<p>\r\n\n<object classid="clsid:d27cdb6e-ae6d-11cf-96b8-444553540000" width="100%" height="400" codebase="http://download.macromedia.com/pub/shockwave/cabs/flash/swflash.cab#version=6,0,40,0">\r\n\n<param name="src" value="https://www.youtube.com/v/_-5ov-QLMh0"><embed type="application/x-shockwave-flash" width="100%" height="400" src="https://www.youtube.com/v/_-5ov-QLMh0">\r\n\n</object>\r\n\n</p>\r\n\n<p> </p>\r\n\n<p>installasi menggunakan xampp</p>\r\n\n<p> </p>\r\n\n<p>\r\n\n<object classid="clsid:d27cdb6e-ae6d-11cf-96b8-444553540000" width="100%" height="400" codebase="http://download.macromedia.com/pub/shockwave/cabs/flash/swflash.cab#version=6,0,40,0">\r\n\n<param name="src" value="https://www.youtube.com/v/Ux0VddaFx3U"><embed type="application/x-shockwave-flash" width="100%" height="400" src="https://www.youtube.com/v/Ux0VddaFx3U">\r\n\n</object>\r\n\n</p>\r\n\n<p>apabila ada komentar atausaran,. kami akan menampung untuk dijadikan bahan pertimbangan kami yang mungkin dapat membantu cms id lebih baik lagi.</p>\r\n\n<p> </p>\r\n\n<p>salam id</p>\r\n\n<p>eko</p>', 'admin@cmsid.org', 18, 421, 'release,2.1,beta', 'cms-id-versi-2-1-beta-relase-dengan-code-name-butterfly', 'post', 1, 'C_Box03.jpg', '', 1, '', ''),
(35, 'admin', '2011-09-23 08:30:38', 'fitur-fitur yang paling menarik pada versi 2.1 (butterfly) yang patut anda ketahui', '<p>hallo teman teman, kali ini saya akan mengulas fitur - fitur yang kemungkinan besar akan diboyong ke versi 2.1 stable nantinya.</p>\r\n\n<p>oya gimana pendapat u tentang cmsid versi 2.1 beta yang baru - baru ini direlease. pasti udah kebayang khan..? bagaimana & seperti apa nantinya versi 2.1 stablenya..</p>\r\n\n<p>kami pihak developer berusaha semaksimal mungkin dan semampu kami membuat sebuah cms yang memiliki cita guna & kebutuhan yang lebih baik dan mampuni baik itu disegi performa maupun pernggunaan / user frendly.</p>\r\n\n<p>baik tema kali ini saya akan membahas apa saja sich fitur - fitur yang bisa menarik anda mencicipi versi stable nantinya..?</p>\r\n\n<p><strong>1. seo</strong></p>\r\n\n<p>seo adalah salah satu yang sangat - sangat didambahakan oleh setiap cms / web maupun blog manapun, karna dari sinilah kami mencoba mengembangkan sebuah plugins yang mana plugin ini dapat menciptakan permalink sesuai dengan keinginan anda.</p>\r\n\n<p>dengan plugin ini maka secara otomatis link seo terbentuk, anda cukup melakukan klik & klik saja pada link manager.</p>\r\n\n<p>ini berbeda dengan seo cmsid versi sebelumnya yang mana diharuskan mengedit file .htaccess demi mewujutkan permalink yang sesuai dengan keinginan anda.</p>\r\n\n<p><strong>2. privacy</strong></p>\r\n\n<p>ini adalah sebuah feature yang dapat membantu anda menangani management perubahan home screen anda baik itu disini privacy account maupun maintenaince, dengan kata lain jika halaman website sedang mengalami perombakan maka system akan memberi tahu melalui message home screen. jika website anda tidak menerima registration acoount makan anda cukup menonaktifkan account registration menjadi none / disable, dan masih bayak lagi privacy lainnya.</p>\r\n\n<p><strong>3. backup</strong></p>\r\n\n<p>fitur ini dapat membantu anda membackup database maupun file web secara mudah dan simple, fiture ini adalah hasil pengembangan dari versi - versi sebelumnya</p>\r\n\n<p><strong>4. plugin</strong></p>\r\n\n<p>fitur ini adalah fitur baru yang diterapkan pertama kali pada versi 2.1.</p>\r\n\n<p>pada fitur ini anda dapat memenage & editing plugin baik yang aktiv maupun yang non aktif.</p>\r\n\n<p> </p>\r\n\n<p> </p>\r\n\n<p>trimakasih itu adalah sebagian fitur - fitur yang menarik pada versi 2.1, masih banyak fitur - fitur lainnya yang patut anda coba pada versi 2.1 stable yang kana datang</p>\r\n\n<p> </p>\r\n\n<p>trimkasih by</p>\r\n\n<p>eko</p>', 'admin@cmsid.org', 17, 352, 'cmsid,fitur,2.1', 'fitur-fitur-yang-paling-menarik-pada-versi-2-1-butterfly-yang-patut-anda-ketahui', 'post', 1, 'features.jpg', '', 1, '', ''),
(7, 'admin', '2011-04-24 14:13:03', 'fitur fitur dan kelebihan yang diusung cms id versi terbaru', '<p> </p>\r\n\n<p>pertama tama izinkan saya untuk mengenalkan versi baru cmsid. </p>\r\n\n<p>Belum terbayang atau sudah terbayangkah anda dengan cmsid </p>\r\n\n<p>versi terbaru ini, apasaja fiturnya, apa lebih mudah apa lebih</p>\r\n\n<p>susah,..</p>\r\n\n<p>jawabannya adalah banyak sekali keungulan yang diusung di versi</p>\r\n\n<p>terbaru ini diantaranya.</p>\r\n\n<p> </p>\r\n\n<p>1. load query semakin simple.</p>\r\n\n<p>misal jika kita ingin meload suatu database anda cukup menggunkan</p>\r\n\n<p>library yang sudah disiapkan.</p>\r\n\n<p> </p>\r\n\n<p>berikut load variable default table</p>\r\n\n<blockquote>\r\n\n<p>var $old_tables = array( ''users_data'', ''users'', ''sidebar_act'', ''sidebar'', ''sensor'', ''post_topic'', ''post_comment_replay'', ''post_comment'', ''posted_ip'', ''post'', ''plugins'', ''options'', ''menu_user'', ''menu_sub'',''menu'' );</p>\r\n\n</blockquote>\r\n\n<p>pertamakali anda harus tau function loadnya</p>\r\n\n<p> </p>\r\n\n<blockquote>\r\n\n<p>global $iw,$db;</p>\r\n\n<p>a. $db->select($table,$where=false,$order=false);</p>\r\n\n<p>b. $db->insert($table,$data);</p>\r\n\n<p>c. $db->update($table,$data,$where=false);</p>\r\n\n<p>d. $db->delete($table,$where);</p>\r\n\n<p>e. $db->replace($table,$data);</p>\r\n\n</blockquote>\r\n\n<p> </p>\r\n\n<p>catatan:</p>\r\n\n<p>variabel $table : nama table yang digunakan, misal table ''dbprefix_post'' cukup dipanggil dengan ''post''</p>\r\n\n<p>variabel $where : harus array,karena bernilai false tidak diisi tidak apa apa</p>\r\n\n<p>variabel $order : untuk variabel order anda bisa mendescripsikan seperti biasa, bernilai false</p>\r\n\n<p>variabel $data  : variable yang akan diinsertkan atau di update</p>\r\n\n<p> </p>\r\n\n<p>contoh:</p>\r\n\n<p>kita mau melist table posting scriptnya:</p>\r\n\n<p> </p>\r\n\n<blockquote>\r\n\n<p>global $iw,$db;</p>\r\n\n<p>$db=new mysql; // ini tidak ditulis tidak apa apa, karena system mengglobalkan variablenya</p>\r\n\n<p>$db->add_table(''post''); // ini digunakan jika table yang ada panggil tidak ada pada daftar array default</p>\r\n\n<p> </p>\r\n\n<p>$where = array(''id''=>23,''type''=>''post'');</p>\r\n\n<p>$order = ''id DESC LIMIT 10'';</p>\r\n\n<p> </p>\r\n\n<p>$sql = $db->select(''post'',$where,$order);</p>\r\n\n<p>while($row = $db->fetch_array($sql)){</p>\r\n\n<p> </p>\r\n\n<p>echo $row[''title''];</p>\r\n\n<p> </p>\r\n\n<p>}</p>\r\n\n</blockquote>\r\n\n<p>trus bagaimana klo pemanggilan querynya seperti biasa aja, apa masih bisa?<br> jawabannya masih bisa:<br> scriptnya sbr:</p>\r\n\n<blockquote>\r\n\n<p>global $iw,$db;</p>\r\n\n<p>$db->query(''SELECT * FROM ''.$iw->pre.''post WHERE id=23 AND type="post" ORDER BY id DESC LIMIT 10 '');</p>\r\n\n<p>while($row = $db->fetch_array($sql)){</p>\r\n\n<p> </p>\r\n\n<p>echo $row[''title''];</p>\r\n\n<p> </p>\r\n\n<p>}</p>\r\n\n</blockquote>\r\n\n<p> </p>\r\n\n<p>2.struktur direktori cmsid</p>\r\n\n<p> </p>\r\n\n<blockquote>\r\n\n<p>iadmin/</p>\r\n\n<p>-manage/</p>\r\n\n<p>--direktor system</p>\r\n\n<p>---->manage.php</p>\r\n\n<p>---->inc.php</p>\r\n\n<p>-templates</p>\r\n\n<p> </p>\r\n\n<p>icontent/</p>\r\n\n<p>-applications/</p>\r\n\n<p>--direktor aplikasi</p>\r\n\n<p>---->manage.php</p>\r\n\n<p>---->inc.php </p>\r\n\n<p>---->load.name load .php (*) file ini yang akan di load dengan link ''irequest.php?load=(nama load)&app=(nama apps)''</p>\r\n\n<p> </p>\r\n\n<p>-images/</p>\r\n\n<p>-javascripts/</p>\r\n\n<p>-plugins/</p>\r\n\n<p>--berisi plugin-plugin, bisa berupa direktori atau berupa file</p>\r\n\n<p> </p>\r\n\n<p>-stylesheet/</p>\r\n\n<p>-themes/</p>\r\n\n<p>--direktori themes</p>\r\n\n<p> </p>\r\n\n<p>-uploads/</p>\r\n\n<p> </p>\r\n\n<p>ilibs/</p>\r\n\n<p>-(*) library pendukung</p>\r\n\n<p> </p>\r\n\n<p>temp/</p>\r\n\n<p>-(*) tempat penyimpanan sementara</p>\r\n\n<p> </p>\r\n\n<p>iconfig.php (*) pengaturan koneksi kedatabase dan lain-lain</p>\r\n\n<p>irequest.php (*) load request file apps</p>\r\n\n<p>index.php (*) indexing cms</p>\r\n\n<p> </p>\r\n\n</blockquote>\r\n\n<p> </p>\r\n\n<p>3.halaman login, registrasi tersendiri</p>\r\n\n<p>4.cpanel management lebih memudahkan dalam berinstraksi seperti yang bisa anda lihat </p>\r\n\n<p>pada link: http://www.cmsid.org/article/preview-design-baru-untuk-cms-id-versi-terbaru-yaitu-versi-2-1.html</p>\r\n\n<p> </p>\r\n\n<p>5.table news & page dijadikan satu ''post'' dengan type sebagai pembedanya </p>\r\n\n<p>6.pengaturan web lebih mudah dengan disediakannya panel panel sebagai berikut:</p>\r\n\n<p>a. panel option</p>\r\n\n<p>1.general: mengatur meta web seperti title,deskription,keyword, email bahkan zona waktu atau timzone</p>\r\n\n<p>2.privacy: pengaturan pribadi content, seperti author name, account registration,web status, admin message, update system  (belum tersedia untuk versi beta),</p>\r\n\n<p>timout (batas waktu web logout bisa tidak ada kativitas sama sekali pada admin atau content)</p>\r\n\n<p>3.permalinks: mengatur bentuk link content (belum tersedia untuk versi beta), dan lain lain.</p>\r\n\n<p>b. panel users</p>\r\n\n<p>untuk mengatur & memanage user account</p>\r\n\n<p>c. panel backup</p>\r\n\n<p>untuk membeckup database maupun file website</p>\r\n\n<p>d. panel layout</p>\r\n\n<p>untukn mengatur & mengedit themes</p>\r\n\n<p>e. panel sidebar</p>\r\n\n<p>untuk mengatur posisi, action, block dengan mudah, sekarang sudah dipermudah dengan icon icon action</p>\r\n\n<p>f. panel menus</p>\r\n\n<p>untuk mengatur menu yang ditampilkan di web (dalam penyempurnaan)</p>\r\n\n<p>g. media /file web manager</p>\r\n\n<p>untuk memonitoring file dan direktori web  (dalam penyempurnaan)</p>\r\n\n<p>h. panel plugins</p>\r\n\n<p>untuk memange plugin-plugin dengan mudah, anda bisa layaknya plugin-plugin pada cms wordpress</p>\r\n\n<p> </p>\r\n\n<p>7.application manager</p>\r\n\n<p>untuk memanage aplikasi seperti postingan, contact message dll</p>\r\n\n<p> </p>\r\n\n<p> </p>\r\n\n<p>itu adalah beberapa kelebihan atau fitur yang diusing pada versi terbaru, kami developer tidak luput dari kesalahan atau humman error</p>\r\n\n<p>maka dari itu kami memerlukan sedikit dukungan anda yang sekirannya dapat menjadikan cms ini sebagai cms yang lebih baik lagi</p>\r\n\n<p> </p>\r\n\n<p>trimakasih..</p>\r\n\n<p> </p>\r\n\n<p>salam id</p>\r\n\n<p> </p>\r\n\n<p>by eko</p>\r\n\n<p> </p>\r\n\n<p>dev & pendiri id</p>\r\n\n<p> </p>', '0', 17, 1099, 'fitur,new version,cmsid', 'fitur-fitur-dan-kelebihan-yang-diusung-cms-id-versi-terbaru', 'post', 1, 'features.jpg', '', 1, '', ''),
(6, 'admin', '2011-04-24 14:12:57', 'preview design baru untuk cms id versi terbaru yaitu versi 2.1', '<p>versi baru design baru.., ya tema mungkin anda tidak sabar dengan kedatangan versi baru yang akan kami release berikutnya.</p>\r\n\n<p>dan tak usah lamalama lagi berikut saya kasih liat preview versi terbaru cms id yang mengusung jQuery.</p>\r\n\n<p>berikut link preview lebih lengkapnya <a href="http://www.flickr.com/photos/58290089@N03/5939398637/" target="_self">http://www.flickr.com/photos/58290089@N03/5939398637/ </a></p>\r\n\n<p>silahkan dinikmati...</p>\r\n\n<p> </p>\r\n\n<p>versi terbaru yang mengusung jQuery atau yang lebih dikenal bahasa pemrograman javascript ini sangat mudah anda gunakan untuk pengaplikasian cms id , apalagi banyak sekali dukungan plugin2 untuk jQuery tsb, diantara plugin2 jQuery tsb yang saya gunakan diantarannya ada,..</p>\r\n\n<p><strong>drag ndrop</strong> yang memungkinkan anda memindai panel2 sesuka anda</p>\r\n\n<p><strong>tabs </strong>yang meungkinkan anda meringkas konten dengan hanya menggunakan menu tab</p>\r\n\n<p><strong>uniform</strong> hal ini memungkinkan anda membuat menarik tampilan form anda</p>\r\n\n<p><strong>wkrte</strong> adalah text editor terbaru untuk cms id yang dimofikasi untuk lebih memudahkan menulis text naskah favorite anda, tp jangan khawatir karna jika anda tidak suka dengan text editor default yang kami sediakan anda bisa memodifikasi dari tinyeditor atau text editor2 yang anda sukai atau anggap favorite dan masih banyak lagi </p>\r\n\n<p><img src="http://farm7.static.flickr.com/6014/5939398637_888efbe077_b.jpg" alt="" width="100%"></p>\r\n\n<p>salam id by</p>\r\n\n<p>eko</p>\r\n\n<p>pendiri cmsid</p>', '0', 17, 500, 'versi baru,cmsid,2.1', 'preview-design-baru-untuk-cms-id-versi-terbaru-yaitu-versi-2-1', 'post', 1, 'preview-3-dimensi-design-panel-akustik1.jpeg', '', 1, '', ''),
(36, 'admin', '2011-09-23 08:31:20', 'release 2.1.0 beta 2 perbaikan feature cmsid', '<p>alhamdulillah dengan rahmat allah saya sebagai developer cmsid masih bisa meluangkan waktu untuk menulis artikel tentang releasenya cms id versi 2.1.0 beta 2, yang sebelumnya kami selaku development cmsid telah meluncurkan cmsid versi 2.1 beta pertama.</p>\r\n\n<p>insyaallah dengan hadirnya versi 2.1.0 beta 2 ini dapat memperbaiki feature - feature yang belum sempat dirampungkan di cmsid id versi 2.1.0 beta pertama.</p>\r\n\n<p>apa saja yang telah mengalami perombakan & perbaikan ialah:</p>\r\n\n<p>1. seo</p>\r\n\n<p>pada fix finis ini ditambahkan plugin seo demi melancarkan management seonya.</p>\r\n\n<p>2. auto update</p>\r\n\n<p>fixnya adalah perbaikan detect jika tersedia versi beta</p>\r\n\n<p> </p>\r\n\n<p>sebenarnya masih banyak lagi fiature feature yang ditambahkan & diperbaiki, listnya bisa dilihat pada file list-update-2.1.0.txt yang disertakan pada paket download.</p>\r\n\n<p> </p>\r\n\n<p>salam id</p>\r\n\n<p>by eko</p>\r\n\n<p> </p>', 'admin@cmsid.org', 18, 586, '2.1,beta', 'release-2-1-beta-2-perbaikan-feature-cmsid', 'post', 1, 'l_2123689ffa8f4122bd814a3ce57eb262.jpg', '', 1, '', ''),
(2, 'admin', '2011-04-24 00:43:09', 'Abouts', '<p>ID(CMS) dikembangkan bulan april 2010 didirikan oleh Eko.</p><p>awal mulanya cmsid dikembangkan dengan dual language, karena keterbatasan coding dan demi meringkas cmsid menjadi lebih mudah digunakan, maka untuk sementar pengembangan dual language dihentikan sementara.</p><p><br>ID(CMS) sendiri diadobsi dari bahasa pemrograman web yang sederhana, insyaallah interfacenya mudah difahami dengan cepat.</p><p>CMS ini dikembangkan sebagai bahan pembelajaran kita bersama sama</p><p>Tujuan dari Kami yaitu:</p><p>1. memudahkan pemakaian.</p><p>2. membantu anda (pengguna) untuk membuat suatu website</p><p>3. menjadi media opensource yang diakui</p><p>4. media belajar bersama</p><p>5. dapat digunakan sesuai kebutuhan</p><p> </p><p>Semoga cmsid menjadi media menuangkan ide dan kreativitas bersama</p>', '0', 0, 0, '', 'abouts', 'page', 1, '', '', 1, '', ''),
(3, 'admin', '2011-08-24 14:12:39', 'Varian terbaru cms id sedang dikembangkan', '<p>Mungkin anda sedang bertanya tanya apa maksud judul diatas...</p>\r\n\n<p>Baiklah saya akan jelaskan maksudnya iyalah kini cms id sedang mengembangkan verian terbarunya yg powerfull ini juga berkat dari refrensi2 cms yg ada..</p>\r\n\n<p>Varian ini diklaim lebih mutahir dari pada versi-versi cms id sebelumnya, tidak akan saya sebutkan verian terbaru ini dikembangkan untuk cms id versi berapa, yg jelas verian ini lebih simple, mudah tapi tidak mudah untuk ditaklukkan... hehehe kyx penjinak aja...:), lebih nyaman digunkan, lebih enteng, content management tersendiri seperti themes, plugin dan application.</p>\r\n\n<p>ok saya tidak akan terburu buru untuk mereleasenya... karna saya ingin melihat respon dari anda masing2 pecinta cms id, baik tiu sebagai penyumbang ide, modul, maupun sempat bertanya..</p>\r\n\n<p>cms id varian baru ini dikembangkan pada platform yg umum digunakan, seperti</p>\r\n\n<p>php dan mysql versi standar, maka dari itu saya selaku admin dan pendiri id (cms id) agar anda mengirimkan kritik dan sarannya agar kami bisa lebih maju & sesuai dengan keinginan anda walaupun tak sempurna, dan saya menyarankan agar anda lebih sabar menunggu kehadiran varian baru ini yg diadobsi dari dari cms cms yg pernah dibuat, kalau bisa dibilang sich mirip tapi tak sama :), itulah cms id</p>\r\n\n<p> </p>\r\n\n<p>salam id</p>\r\n\n<p>by eko</p>\r\n\n<p> </p>', '0', 4, 337, 'varian,baru,cmsid', 'varian-terbaru-cms-id-sedang-dikembangkan', 'post', 1, 'gVl9y3utKo.jpg', '', 1, '', ''),
(5, 'admin', '2011-04-24 14:12:51', 'News and Pages akan jadi satu pada versi terbaru', '<p>ini baru terfikir oleh saya selaku admin & developer bahwa keduannya memiliki karakteristik yang sama yaitu menampilkan text barita / informasi yang kita ketik ini ditunjukan adanya header / title & isi / content, hal ini dapat disatukan dengan menggunakan pemisah type baik itu pages / news. Nah news disini saya ganti menjadi post agar tidak salah kaprah serta memudahkan penyebutannya, lalu bagaimana managemennya yg jelas tidak jauh beda dengan versi versi sebelumnnya.</p>\r\n\n<p> </p>\r\n\n<p>Pengujian & penerapan ini membuat database tidak memakan banyak space nama & hal ini membuat semakin mudahnya dalam hal backup.</p>\r\n\n<p>untuk sisi load code cukup mudah hanya dengan memanggil function yang saya sediakan nantinya.</p>\r\n\n<p>mudah mudahan hal ini cepat cepat terlaksana & selesai pada waktunya. amiin</p>\r\n\n<p> </p>\r\n\n<p>cukup sekian artikel yang saya buat karna saya tidak terlalu pandai dalam membuat sebuah karya tulisan..dan saya menghimbau kepada teman2 agar mendukung kami & para developer cmsid terimakasih..</p>', '0', 17, 417, 'bersatu,terbaru,versi,cmsid,pages,news,post', 'news-and-pages-akan-jadi-satu-pada-versi-terbaru', 'post', 1, 'bad-sales-news.jpg', '', 1, '', ''),
(1, '1', '2011-04-25 00:43:09', 'Selamat datang di ID oficial', '<p><span id="result_box" lang="en"><span>Jadikan Opensource adalah bagian dari hidupmu.</span></span></p><p>System ini adalah versi perdana dari Kami menyambut <span lang="en"><span>datangnya bulan suci Ramadhan seperti tahun lalu saat direleasenya versi 2.0 dan untuk kali pertama, Kami pengembang / developer meluncurkan versi developer.</span></span></p><p><span lang="en"><span>Systemnya sendiri ditujukan untuk para pengembang / developer sebelum diumumkan versi baru.<br />  <br />  </span><span>Jika ada yang perlu ditanyakan silahkan hubungi   Kami<br />  <br />  </span><span>Kontak Kami<br />  </span><span>e-mail: <a href="mailto:admin@cmsid.org">@eko</a> / <a href="mailto:aay_bro@yahoo.co.id">@aay</a><br /></span><span>call / sms: +628-976-11-8097</span></span></p>', '0', 0, 0, 'web, official', 'selamat-datang-di-my-web-oficial', 'page', 1, '', '', 0, '', ''),
(42, 'admin', '2011-10-25 06:26:06', 'cmsid berganti kulit (layout / design)', '<p>ya cms id bakalan berganti kulit, diharapkan dengan pergatian layout cmsid yang baru ini semua hal dapat terorganisir dengan baik, baik itu dari segi release, blog atau news, comment, download maupun user dapat disederhanakan disini.</p>\r\n\n<p>namun pada perubahan kali ini agak sedikit tampak berbeda dari biasanya., yaitu pada sisi user, diharapkan user dapat mengaktivasi account yang telah anda daftarkan pada cmsid sebelumnya, baik melalui email confirmasi yang kami kirimkan. </p>\r\n\n<p>bila dalam kurun kurang dari 1 minggu anda belum mendapatkan email confirmasi yang kami kirimkan anda bisa melakukannya secara manual dengan cara send to email pada kolom lost password login, maka sebuah pesan akan dikirim ke email anda yang memerintahkan anda mengklik link confirmasi, jika tidak terjadi perubahan silahkan registrasi kembali atau hubungi developer atau admin kami.</p>', 'admin@cmsid.org', 4, 1013, 'cmsid,layout', 'cmsid-berganti-kulit-layout-design', 'post', 1, 'b_layout.jpg', '', 1, '', ''),
(43, 'admin', '2011-10-27 17:54:36', 'multi login lebih mudah pada cmsid versi terbaru', 'halaman login identik dengan username dan password, pada cmsid juga sama tapi yang sedikit berbeda dari biasanya atau dari versi versi sebelumnya, anda biasanya login menggunakan email nah pada versi terbaru atau versi 2.1 menggunakan user login (username) bukan user email untuk login.<div>bagaimana kalau kita ingin login menggunkan user login (username) jawabnya bisa..</div><div><br></div><div>pada versi berikutnya cmsid mengadopsi dual log yaitu anda dapat login menggunakan usename maupun user email.</div><div>misalnya anda mempunyai username:coba password:123 dan email:coba@coba.dom, anda dapat login menggunakan kombinasi username:coba & password:123 atau email:coba@coba.dom password:123</div><div><br></div><div>hal ini dipermudah mengingat pada versi terdahulu jika anda ingin login harus menggunakan kombinasi email dan password</div><div><br></div><div>masih banyax lagi feature - feature yang akan saya unkap selain ini..</div><div><br></div><div>terimakasih atas perhatiannya</div><div><br></div><div>salam id</div><div>by eko</div>', 'id.hpaherba@yahoo.co.id', 17, 1268, 'cmsid, feature, login, multi login', 'multi-login-lebih-mudah-pada-cmsid-versi-terbaru', 'post', 1, '17_login.jpg', '', 1, '', ''),
(44, 'admin', '2011-10-29 15:41:37', 'Support Us', '<p>Kelangsungan ketersediaan widget dan layanan web situs ini tergantung kepada bantuan dan dukungan dari anda. Banyak cara untuk mewujudkan dukungan tersebut.</p>\r\n\n<p> </p>\r\n\n<p><strong>Beritahu Yang Lain!</strong></p>\r\n\n<p>Silakan gunakan satu atau dua (atau lebih) pada situs atau blog yang anda punyai. Jika anda menggunakan twitter, atau tweet-ulang tulisan-tulisan kami. Jika anda adalah penggemar facebook, jadilah salah satu penggemar Halaman Fan kami ataupun juga jika anda menggunakan Goolgle+. Klik pada tombol Like pada kolom sisi kanan halaman ini.</p>\r\n\n<p> </p>\r\n\n<p><strong>Berikan Sumbangan!</strong></p>\r\n\n<p>Setiap sumbangsih finansial anda, sebesar apapun akan sangat berarti bagi pembayaran hosting situs dan pengelolaannya.</p>\r\n\n<p> </p>\r\n\n<p> </p>\r\n\n<p>Donation bisa ditransfer ke rekening kami di:</p>\r\n\n<p><strong>BRI UNIT SIDOMULYO TELUK BETUNG </strong></p>\r\n\n<p><strong>No. Rek. 3562-01-016475-53-9 </strong></p>\r\n\n<p><strong>a.n. Eko Hendratno</strong></p>\r\n\n<p> </p>\r\n\n<p> </p>\r\n\n<p>Kami memohon kepada Allah atas petunjuk dan pertolongan-Nya serta limpahan rizqi yang terbaik.</p>', 'id.hpaherba@yahoo.co.id', 0, 0, '', 'support-us', 'page', 1, '', '', 1, '', ''),
(45, 'admin', '2011-10-29 15:51:34', 'Requirements', 'Untuk menggunakan CMS ini, server Anda membutuhkan persyaratan minimum sebagai berikut:<div><ol><li>PHP Versi 4.3.2 atau lebih </li><li>MySQL Server/Client Versi 5.0 atau yang terbaru</li><li>Apache</li></ol><div><br></div></div>', 'id.hpaherba@yahoo.co.id', 0, 0, '', 'requirements', 'page', 1, '', '', 1, '', ''),
(46, 'admin', '2011-10-31 17:13:21', 'Helps', 'help content<div><ul><li><a href="#num1">num 1</a></li><li><a href="#num2">num 2</a></li></ul><div id="num1">num 1</div></div><div>example num content</div><div><br></div><div><div><div id="num2">num 1</div></div><div>example num content</div></div>', 'id.hpaherba@yahoo.co.id', 0, 0, '', 'helps', 'page', 1, '', '', 1, '', ''),
(47, 'admin', '2011-10-31 17:14:02', 'Guide', '<ul><li><a href="#doc">Tutorial cara instalasi</a></li><li><a href="#video">Video cara instalasi</a></li></ul><div id="doc">Tutorial cara instalasi</div><div>\r\n\n  <p>Adapun cara instalasi cmsid secara manual ialah:</p>\r\n\n  <ol>\r\n\n    <li>anda memerlukkan apache & mysql agar cmsid bisa berjalan, bisa download server xamp atau appserver yang menyediakan apache & mysql</li>\r\n\n    <li>lakukkan installasi software server setelah selesai</li>\r\n\n    <li>download <a href="http://cmsid.org" target="_blank">cmsid</a> direkomendasikan versi terakhir</li>\r\n\n    <li>extract file cmsid yang baru anda download ke server</li>\r\n\n    <li>lakukkan configurasi pada file <span style="font: 500 1em/1.5em Lucida Console,courier new,monospace;">iconfig.php</span><br><br>\r\n\n    <pre>var $db_host 		= ''localhost''; //nama host mysql db\r\n\nvar $db_user 		= ''user''; //nama pengguna mysql db\r\n\nvar $db_password 	= ''****''; //kata sandi mysql db  \r\n\nvar $db_name 		= ''nama_database''; //nama database mysql\r\n\nvar $pre 			= ''iw_''; //nama awal table\r\n\nvar $base_url 		= ''http://localhost/cmsid/''; //web url base\r\n\n 	</pre>\r\n\n    </li>\r\n\n    <li>buka browser dan masuk ke myMyadmin server</li>\r\n\n    <li>create database dan dump <span style="font: 500 1em/1.5em Lucida Console,courier new,monospace;">database.sql</span> kedatabase anda</li>\r\n\n    <li>set cmod <span style="font: 500 1em/1.5em Lucida Console,courier new,monospace;">757</span> / <span style="font: 500 1em/1.5em Lucida Console,courier new,monospace;">777</span> pada folder dan file brk:<br><br>\r\n\n    <pre>icontent/uploads/albums/\r\n\nicontent/uploads/post/ \r\n\nicontent/uploads/slide/ \r\n\nicontent/uploads/ \r\n\ntemp/\r\n\n    </pre>\r\n\n    </li>\r\n\n    <li>setelah selesai buka browser dan survei web cmsid</li>\r\n\n    <li>untuk login tambahkan code ''?login'' pada akhir url web<br> \r\n\n     misal<br>\r\n\n     link: <span style="font: 500 1em/1.5em Lucida Console,courier new,monospace;">http://cmsid.org/</span> jadi <span style="font: 500 1em/1.5em Lucida Console,courier new,monospace;">http://cmsid.org/?login</span><br>\r\n\n     untuk username dan password silahkan file <span style="font: 500 1em/1.5em Lucida Console,courier new,monospace;">readme.txt</span> yang disertakan dalam paket   \r\n\n    </li>\r\n\n  </ol>\r\n\n</div><div><br></div><div><div><div id="video">Video cara instalasi</div></div><div>\r\n\n<p>installasi menggunakan appserver</p>\r\n\n<p>\r\n\n<object classid="clsid:d27cdb6e-ae6d-11cf-96b8-444553540000" width="100%" height="400" codebase="http://download.macromedia.com/pub/shockwave/cabs/flash/swflash.cab#version=6,0,40,0">\r\n\n<param name="src" value="https://www.youtube.com/v/_-5ov-QLMh0"><embed type="application/x-shockwave-flash" width="100%" height="400" src="https://www.youtube.com/v/_-5ov-QLMh0">\r\n\n</object>\r\n\n</p>\r\n\n<p> </p>\r\n\n<p>installasi menggunakan xampp</p>\r\n\n<p> </p>\r\n\n<p>\r\n\n<object classid="clsid:d27cdb6e-ae6d-11cf-96b8-444553540000" width="100%" height="400" codebase="http://download.macromedia.com/pub/shockwave/cabs/flash/swflash.cab#version=6,0,40,0">\r\n\n<param name="src" value="https://www.youtube.com/v/Ux0VddaFx3U"><embed type="application/x-shockwave-flash" width="100%" height="400" src="https://www.youtube.com/v/Ux0VddaFx3U">\r\n\n</object>\r\n\n</p>\r\n\n</div></div>', 'id.hpaherba@yahoo.co.id', 0, 0, '', 'guide', 'page', 1, '', '', 1, '', ''),
(48, 'admin', '2011-11-10 18:25:04', 'Component-component seperti guestbook, shoutbox, gallery dll akan terpisah dari packed cmsid system', 'ini adalah hal pertama kalinya cmsid akan memisah paket component yang biasanya melekat erat pada portal cmsid,..<div>hal ini bertujuan untuk memfokuskan system cmsid yang lebih teruptodate dari versi versi sebelumnya.</div><div>hal ini dikarenakan agar pengembangan system cmsid lebih terfokuskan, terupdate, dan tepat waktu serta memudahkan dalam pengembangan yang lebih terintegrasi.</div><div>selain lebih terintegrasi dengan adanya pemisahan ini user dapat memilih sendiri componet mana yang akan digunakan dalam contentnya.</div><div>kenapa kami melakukkan langkah ini, ini tidak lain dan juga bukan karna kami ingin membuat cmsid menjadi system cms yang dibuat dengan citra rasa yang berbeda dari cms cms buatan anak negri kita.</div><div><br></div><div>ya cms id memang ditujukan untuk kalangan pecinta cms anak negeri, hal ini juga terbukti dengan komitment kami yang selalu lebih teruptodate dalam hal system baru dan system update.</div><div><br></div><div>dalam hal ini pasti ada yang berfikir, "kalau system yang terpisah dari component2x apakah apa nantinya akan sulit menemukan componet yang sesuai untuk versi tsb?"</div><div>jawabannya yaitu pasti mudah menemukannya karna selain kami merilis system kami juga merilist component2x yang sesuai dengan versi system tsb, hal ini bisa ada lihat pada website cmsid yang menyertakan link "<b>Addons</b>" yang didalamnya didukung ordering versi yang memudahkan anda menemukan component versi berapa yang anda inginkan.</div><div><br></div><div>selain sebagai media perilisan componet dll di Addons,  disini juga anda bisa berparti sipasi sebagai pengembang... apabila anda mempunyai component buatan anda sendiri, anda bisa menyertakannya disini, caranya sangat mudah misal.</div><div>anda mempunya applikasi x dalam format terzip (.zip), anda tinggal isi form developer yang kami sertakan dalam app Addons lalu anda isi beberapa keperluan seperti judul, deskripsi, versi yg mendukung aplikasi dll, setelah anda kirim maka kami akan memproses aplikasi yang anda kirimkan, & setelah kami setuju kami akan menerbitkan aplikasi x anda</div><div><br></div><div>itu adalah beberapa kemudahan apabila system & componet cmsid dipisahkan, dan tentunya andapun punyat penilai sendiri dalam hal ini, maupun ada dari anda yang berfikiran sama..</div><div><br></div><div>nah bagi anda yang ingin memberikan masukan kepada kami silahkan beri komentar pada kolom komentar yang kami sediakan... terimakasih</div><div><br></div><div>salam id by</div><div>eko</div>', 'admin@cmsid.org', 17, 1248, 'system, cmsid, dipisahkan, component, addons, template, plugins', 'component-component-seperti-guestbook-shoutbox-gallery-dll-akan-terpisah-dari-packed-cmsid-system', 'post', 1, 'addons-all.jpg', '', 1, '', ''),
(49, 'admin', '2012-01-20 16:53:48', 'Cmsid come back to online', '<div>sempat beberapa bulan terakhir ini situs official cmsid tidak bisa diakses dikarenakan ada beberapa kelalaian kami dalam pengeloaan dan ini mohon dapat dimaklumi, karena kami belum terlalu berpengalaman dan masih banyak lagi belajar.</div>\r\n\n<div><br /></div>\r\n\n<div>nah disamping dengan naiknya kembali situs resmi cmsid, kami juga ingin mengabarkan hal apa saja sih yang sudah kami kerjakan selama cmsid id downline dari internet, semua pingin tau khan pasti pada penasaran nich...</div>\r\n\n<div><br /></div>\r\n\n<div><br /></div>\r\n\n<div>oke,..saya akan tuangkan kata demi kata apa apa yang kami kerjakan, dan sebelum website resmi cmsid downline terkahir kami posting sebuah artikel tentang konsep terbaharukan cmsid untuk versi mendatang dan dikarenakan artikel ikut terhapus maka dengan sangat terpaksa saya hanya menerangkan beberapa bagian.</div>\r\n\n<div><br /></div>\r\n\n<div>diantaranya design yang lebih ringan, minimalis dan konsepnya tetap sama seperti versi lama dengan ciri chas warna abu abu putih, berukut saya akan lampirkan hasil jepretannya</div>\r\n\n<div><br /></div>\r\n\n<div>design versi 3.4</div>\r\n\n<div><img src="http://farm8.staticflickr.com/7167/6497768567_0717a98e86_z.jpg" alt="" width="100%" /></div>\r\n\n<div><br /></div>\r\n\n<div>design versi 3.5</div>\r\n\n<div><br /></div>\r\n\n<div><img src="http://farm8.staticflickr.com/7165/6497868997_2e90d2d484_z.jpg" alt="" width="100%" /></div>\r\n\n<div>\r\n\n<div>design versi 3.5.1</div>\r\n\n<div><img src="http://farm8.staticflickr.com/7166/6730123587_d347801ae6_z.jpg" alt="" width="100%" /></div>\r\n\n<div><br /></div>\r\n\n<div>dan yang lainnya disini http://www.flickr.com/photos/58290089@N03/with/6497868997/</div>\r\n\n<div><br /></div>\r\n\n<div><br /></div>\r\n\n<div>lalu apa lagi kegiatan kami selain diatas</div>\r\n\n<div><br /></div>\r\n\n<div>yups kegiatan kami selanjutnya yaitu menyelesaikan versi 2.1.0 dari beta ke stable</div>\r\n\n<div>yang bisa anda unduh dari halaman depan, dari versi stable ini beberapa perbaikan yang</div>\r\n\n<div>tidak saya bahas disini karena berbaikan ataupun bugfixnya sudah tertera pada desc version</div>\r\n\n<div><br /></div>\r\n\n<div><br /></div>\r\n\n<div>semoga dengan di luncurkannya version 2.1.0 stble ini menjadi motifasi saya agar</div>\r\n\n<div>lebih giat lagi menggarap cmsid</div>\r\n\n<div><br /></div>\r\n\n<div>pesan saya yaitu diharapkan kedepannya bangsa kita lebih membukakan mata kita akan potensi</div>\r\n\n<div>anak bangsa yang sebenernya punya kemampuan tetapi ragu dalam mengeluarkananya atau lain </div>\r\n\n<div>sebagainya.</div>\r\n\n<div><br /></div>\r\n\n<div>salam id</div>\r\n\n<div><br /></div>\r\n\n<div>eko</div>\r\n\n</div>\r\n\n<div><br /></div>', 'admin@cmsid.org', 19, 747, 'online', 'cmsid-come-back-to-online', 'post', 1, 'onlinelagi.jpg', '', 1, '', ''),
(50, 'admin', '2012-01-21 14:27:13', 'Ganti themes default cmsid dengan Tinynews 2.1', '<p>kali ini kita akan membahas trik mengganti themes cmsid default dengan themes TinyNews tentunya untuk versi cmsid 2.1 </p>\r\n\n<p>terbaru yang baru rilis, dulu cmsid juga pernah membuat themes ini untuk versi dibawah 2.1, nah apa bedanya.</p>\r\n\n<p> </p>\r\n\n<p>cukup beda sekali karena versi 2.1 mengadopsi styler include di managernya, jadi dengan ini anda dapat dengan</p>\r\n\n<p>mudah mengganti posisi antara kontent dan sidebar kiri maupun kanan, begitu juga dengan size/ukuran lebarnya.</p>\r\n\n<p> </p>\r\n\n<p>sebenarnya tutoralnya sudah saya includkan di filenya, rasanya kurang afdol jika saya tidak membahasnya langsung disini</p>\r\n\n<p> </p>\r\n\n<p>baiklah cara cara instalasi themes tinynews antara lain:</p>\r\n\n<p> </p>\r\n\n<p>1. download terlebih dahulu file <a href="http://cmsid-templates.googlecode.com/files/tinynews-2.1.zip">tinynews-2.1.zip</a> themesnya</p>\r\n\n<p>2. backup terlebih dahulu database atau file web anda untuk mencegah terjadinya error</p>\r\n\n<p><span style="white-space: pre;">3. extraxt dan upload folder "tinynews" ke folder "icontent/themes/"</span></p>\r\n\n<p>4. masuk ke panel menu Layout > pilih menu) Styler</p>\r\n\n<p>5. lalu isi masing ( Content Full, Content Left, Content Right, Content Center, Sidebar Left, Sidebar Right ) css themes dengan code dibawah ini:</p>\r\n\n<p><img src="http://farm8.staticflickr.com/7149/6734754251_02189cd05c_z.jpg" alt="" width="100%" /></p>\r\n\n<p>***********************</p>\r\n\n<p>content_full</p>\r\n\n<p>***********************</p>\r\n\n<p> </p>\r\n\n<blockquote>\r\n\n<p>/* CSS Document */</p>\r\n\n<p>.col1 {</p>\r\n\n<p><span style="white-space: pre;"> </span>float: left;</p>\r\n\n<p><span style="white-space: pre;"> </span>width: 97.5%;</p>\r\n\n<p><span style="white-space: pre;"> </span>margin: 0 0 0 5px;</p>\r\n\n<p><span style="white-space: pre;"> </span>padding: 0;</p>\r\n\n<p>}</p>\r\n\n<p> </p>\r\n\n</blockquote>\r\n\n<p>***********************</p>\r\n\n<p>content_left</p>\r\n\n<p>***********************</p>\r\n\n<p> </p>\r\n\n<blockquote>\r\n\n<p>/* CSS Document */</p>\r\n\n<p>.col1 {</p>\r\n\n<p><span style="white-space: pre;"> </span>float: left;</p>\r\n\n<p><span style="white-space: pre;"> </span>width: 75%;</p>\r\n\n<p><span style="white-space: pre;"> </span>margin: 0;</p>\r\n\n<p><span style="white-space: pre;"> </span>padding: 0;</p>\r\n\n<p>}</p>\r\n\n<p>.col2 {</p>\r\n\n<p><span style="white-space: pre;"> </span>float: right;</p>\r\n\n<p><span style="white-space: pre;"> </span>width: 209px;</p>\r\n\n<p><span style="white-space: pre;"> </span>margin: 0 20px 0 0;</p>\r\n\n<p><span style="white-space: pre;"> </span>padding: 0;</p>\r\n\n<p>}</p>\r\n\n<p> </p>\r\n\n</blockquote>\r\n\n<p>***********************</p>\r\n\n<p>content_right</p>\r\n\n<p>***********************</p>\r\n\n<p> </p>\r\n\n<blockquote>\r\n\n<p>/* CSS Document */</p>\r\n\n<p>.col1 {</p>\r\n\n<p><span style="white-space: pre;"> </span>float: right;</p>\r\n\n<p><span style="white-space: pre;"> </span>width: 75%;</p>\r\n\n<p><span style="white-space: pre;"> </span>margin: 0 20px 0 0;</p>\r\n\n<p><span style="white-space: pre;"> </span>padding: 0;</p>\r\n\n<p>}</p>\r\n\n<p>.col2 {</p>\r\n\n<p><span style="white-space: pre;"> </span>float: left;</p>\r\n\n<p><span style="white-space: pre;"> </span>width: 209px;</p>\r\n\n<p><span style="white-space: pre;"> </span>margin: 0;</p>\r\n\n<p><span style="white-space: pre;"> </span>padding: 0;</p>\r\n\n<p>}</p>\r\n\n<p> </p>\r\n\n</blockquote>\r\n\n<p>***********************</p>\r\n\n<p>content_center</p>\r\n\n<p>***********************</p>\r\n\n<p> </p>\r\n\n<blockquote>\r\n\n<p>/* CSS Document */</p>\r\n\n<p>.col1 {</p>\r\n\n<p><span style="white-space: pre;"> </span>float: right;</p>\r\n\n<p><span style="white-space: pre;"> </span>width: 468px;</p>\r\n\n<p><span style="white-space: pre;"> </span>margin: 0 10px 0 0;</p>\r\n\n<p><span style="white-space: pre;"> </span>padding: 0;</p>\r\n\n<p>}</p>\r\n\n<p>.col2 {</p>\r\n\n<p><span style="white-space: pre;"> </span>float: left;</p>\r\n\n<p><span style="white-space: pre;"> </span>width: 209px;</p>\r\n\n<p><span style="white-space: pre;"> </span>margin: 0;</p>\r\n\n<p><span style="white-space: pre;"> </span>padding: 0;</p>\r\n\n<p>}</p>\r\n\n<p>.col3 {</p>\r\n\n<p><span style="white-space: pre;"> </span>float: right;</p>\r\n\n<p><span style="white-space: pre;"> </span>width: 300px;</p>\r\n\n<p><span style="white-space: pre;"> </span>margin: 0;</p>\r\n\n<p><span style="white-space: pre;"> </span>padding: 0;</p>\r\n\n<p>}</p>\r\n\n<p> </p>\r\n\n</blockquote>\r\n\n<p>***********************</p>\r\n\n<p>sidebar_left</p>\r\n\n<p>***********************</p>\r\n\n<p> </p>\r\n\n<blockquote>\r\n\n<p>/* CSS Document */</p>\r\n\n<p>.col1 {</p>\r\n\n<p><span style="white-space: pre;"> </span>float: right;</p>\r\n\n<p><span style="white-space: pre;"> </span>width: 468px;</p>\r\n\n<p><span style="white-space: pre;"> </span>margin: 0 10px 0 0;</p>\r\n\n<p><span style="white-space: pre;"> </span>padding: 0;</p>\r\n\n<p>}</p>\r\n\n<p>.col2 {</p>\r\n\n<p><span style="white-space: pre;"> </span>float: left;</p>\r\n\n<p><span style="white-space: pre;"> </span>width: 209px;</p>\r\n\n<p><span style="white-space: pre;"> </span>margin: 0;</p>\r\n\n<p><span style="white-space: pre;"> </span>padding: 0;</p>\r\n\n<p>}</p>\r\n\n<p>.col3 {</p>\r\n\n<p><span style="white-space: pre;"> </span>float: left;</p>\r\n\n<p><span style="white-space: pre;"> </span>width: 290px;</p>\r\n\n<p><span style="white-space: pre;"> </span>margin: 0 0 0 5px;</p>\r\n\n<p><span style="white-space: pre;"> </span>padding: 0;</p>\r\n\n<p>}</p>\r\n\n<p> </p>\r\n\n</blockquote>\r\n\n<p>***********************</p>\r\n\n<p>sidebar_right</p>\r\n\n<p>***********************</p>\r\n\n<p> </p>\r\n\n<blockquote>\r\n\n<p>/* CSS Document */</p>\r\n\n<p>.col1 {</p>\r\n\n<p><span style="white-space: pre;"> </span>float: left;</p>\r\n\n<p><span style="white-space: pre;"> </span>width: 468px;</p>\r\n\n<p><span style="white-space: pre;"> </span>padding: 0;</p>\r\n\n<p>}</p>\r\n\n<p>.col2 {</p>\r\n\n<p><span style="white-space: pre;"> </span>float: left;</p>\r\n\n<p><span style="white-space: pre;"> </span>width: 209px;</p>\r\n\n<p><span style="white-space: pre;"> </span>margin: 0;</p>\r\n\n<p><span style="white-space: pre;"> </span>padding: 0;</p>\r\n\n<p>}</p>\r\n\n<p>.col3 {</p>\r\n\n<p><span style="white-space: pre;"> </span>float: right;</p>\r\n\n<p><span style="white-space: pre;"> </span>width: 307px;</p>\r\n\n<p><span style="white-space: pre;"> </span>margin: 0;</p>\r\n\n<p><span style="white-space: pre;"> </span>padding: 0;</p>\r\n\n<p>}</p>\r\n\n<p> </p>\r\n\n</blockquote>\r\n\n<p>setelah selesai semuanya lalu lanjut ke langkah selanjutnya</p>\r\n\n<p>6. masuk ke panel menu Layout > pilih menu) Body layout lalu pilih salah satu option posisi yang dipakai untuk halaman depan/frontpage</p>\r\n\n<p>7. masuk ke panel menu Layout lalu lihat pada "Available theme" cari themes TinyNews</p>\r\n\n<p>8. klik link "Active" pada bagian bawah screenshot themes yang dicari</p>\r\n\n<p>9. jika muncul konfirmasi jawab "OK/Yes"</p>\r\n\n<p>10. jika themes berada pada "Curent Themes" maka themes berhasil dipasang</p>\r\n\n<p>11. lihat halaman depan anda jika sudah berubah maka anda berhasil</p>\r\n\n<p> </p>', 'admin@cmsid.org', 2, 952, 'tinynews, themes, cmsid, 2.1', 'ganti-themes-default-cmsid-dengan-tinynews-2-1', 'post', 1, 'tinynews-21.jpg', '', 1, '', ''),
(51, 'admin', '2012-01-25 09:14:32', 'release cmsid 2.1.1 update', '<p>hallo teman - teman semua baiklah pagi ini saya akan menulis artikel tentang update terbaru cmsid 2.1.0 stable </p>\r\n\n<p>ke versi 2.1.1 update.</p>\r\n\n<p> </p>\r\n\n<p>hal apa saja yang ada pada update terbaru ini berikut kilas tentang update 2.1.1</p>\r\n\n<p> </p>\r\n\n<p>- perbaikan pada plugin seo, pada seo ini anda sudah bisa memakai opsi opsi pada plugin seo, hal ini juga menyangkut</p>\r\n\n<p>perbaikan pada paging offset</p>\r\n\n<p>- perbaikan pada app post load image</p>\r\n\n<p>- penambahan fungsi truncate table pada class mysql, ini berguna untuk membersihkan semua isi dari table tertentu</p>\r\n\n<p>- penambahan function reset to widget statistic and referal admin in option, memungkinkan anda mereset / clean </p>\r\n\n<p>(membersihkan) widget admin</p>\r\n\n<p>- penambahan feature back to media manager and remove encode path, memungkinkan anda kembali pada direktori sebelum anda</p>\r\n\n<p>mengedit file pada media meneger / file manager.</p>\r\n\n<p>ini juga menyangkut perbaikan kinerja media manager untuk lebih dioptimalkan</p>\r\n\n<p> </p>\r\n\n<p>apabila ada kritik dan saran saya terima dengan senang hati, karna saran dan kritik anda membantu dalam</p>\r\n\n<p>pengembangan cmsid menjadi lebih baik lagi</p>\r\n\n<p> </p>\r\n\n<p>salam id</p>\r\n\n<p>eko</p>\r\n\n<p> </p>', 'admin@cmsid.org', 18, 545, '2.1, update, release, terbaru', 'release-cmsid-2-1-1-update', 'post', 1, 'logo.ID.jpg', '', 1, '', '');
INSERT INTO `iw_post` (`id`, `user_login`, `date_post`, `title`, `content`, `mail`, `post_topic`, `hits`, `tags`, `sefttitle`, `type`, `status`, `thumb`, `thumb_desc`, `approved`, `meta_keys`, `meta_desc`) VALUES
(52, 'admin', '2012-01-26 14:00:58', 'cmsid rombak stylebar dengan tampilan yang baru', '<p>dengan penuh semangat saya tuangkan sedikit tulisan ini mengenai tampilan baru cmsid yg lebih menyegarkan, hasil upgrade style lama.</p>\r\n\n<p> </p>\r\n\n<p>dengan baru dirilisnya cmsid 2.1.1 kami para developer ingin sedikit menyegarkan penampilan kami dan kami juga sedang mengembangkan agar cmsid dapat diakses via mobile secara mudah (tunggu saja).</p>\r\n\n<p> </p>\r\n\n<p>sebernarnya stylebar yang kami terapkan adalah hasil racikan konsep design administrator terbaru, tetapi karna kami ingin menyesuaikan tampilan lebih lanjut maka kami menerapkan ini pada web official cmsid, dan kami tidak lupa mengucapkan terimakasih kepada support kami dutaspace.com, php.net mysql.com dan idteam yang telah mensupport perngambangan cmsid dan juga tidak lupa pula kepada rekan rekan yang secara langsung atau tidak langsung mendukung dan mensupport kami.</p>\r\n\n<p> </p>\r\n\n<p>saya tegaskan sekali lagi, kami selaku developer tidak luput dari kesalahan (human error) maka dari itu saya mohon kritik dan sarannya yang membantu menjadikan cmsid menjadi lebih baik lagi.</p>\r\n\n<p> </p>\r\n\n<p>salam id</p>\r\n\n<p>eko </p>\r\n\n<p> </p>', 'admin@cmsid.org', 19, 529, 'cmsid, stylebar, baru, tampilan, rombak', 'cmsid-rombak-stylebar-dengan-tampilan-yang-baru', 'post', 1, 'logo.ID5-04.jpg', '', 1, '', ''),
(53, 'admin', '2012-02-18 10:11:34', 'release cmsid 2.1.2 update', '<p>hallo id mania, dengan dirilisnya cmsid versi 2.1.2 menjadi titik cerah bagi segala permasalahan</p>\r\n\n<p>yang mungkin anda sekalian belum tahu.</p>\r\n\n<p> </p>\r\n\n<p>baik kali ini kami para developer akan sedikit membeberkan beberapa masalah yang terjadi sejak</p>\r\n\n<p>dirilisnya cmsid versi 2.1.2 dan kami dengan sigap dan tegas mengambil langkah perbaikan,</p>\r\n\n<p>karena kami tidak ingin anda sekalian memiliki masalah ini yang berulang.</p>\r\n\n<p> </p>\r\n\n<p>masalah yang terjadi diantaranya adalah:</p>\r\n\n<p> </p>\r\n\n<ol>\r\n\n<li>access update info and enable send email</li>\r\n\n<li>init user update</li>\r\n\n<li>backup & manager backup</li>\r\n\n<li>edit layout template / themes</li>\r\n\n<li>quality image</li>\r\n\n<li>link reply comment post</li>\r\n\n</ol>\r\n\n<p> </p>\r\n\n<p>dan kami selaku developer berterimakasih kepada id mania yang sudah melaporkan masalah ini</p>\r\n\n<p>kepada kami, dan kami merespon sangat baik akan hal ini</p>\r\n\n<p> </p>', 'admin@cmsid.org', 18, 368, '2.1, update, release, terbaru', 'release-cmsid-2-1-2-update', 'post', 1, 'logocmsid-update-2.1.2.jpg', '', 1, '', ''),
(54, 'admin', '2012-02-23 10:31:24', 'cmsid akan sedikit melakukkan beberapa penyesuaian dan kemudahan pada themes', '<p> </p>\r\n\n<p>mungkin anda yang sudah mencoba versi 2.1 bahkan munkin belum belum tau tentang hal ini, baik saya akan memberikan sedikit kelebihan dan kekurangan dari versi ini.</p>\r\n\n<p> </p>\r\n\n<p>munkin anda juga pernah mengedit themes cmsid v 2.1 lewat layout manager dan munkin andapun pernah mencoba membuat themes, nah disini letak keistimewaan dari versi ini anda dapat mengedit posisi sidebar dan kontent dengan mudah pada layout manager tapi hal ini akan sangat merepotkan apabila anda mengubah themes anda dan tentu saja lebar serta posisi dari masing masing sidebar dan kontent berbeda beda.</p>\r\n\n<p> </p>\r\n\n<p>dari permasalahan diatas kami akan menerapkan xml persing style pada themes untuk memudahkan style apabila anda merubah themes cmsid, dan andapun masih dapat mengedit lewat layout manager maupun edit file secara manual.</p>\r\n\n<p> </p>\r\n\n<p>saya sangat mengharapkan kritik dan sarannya dari teman teman sekalian demi mendukung cmsid yang lebih baik lagi.</p>\r\n\n<p> </p>\r\n\n<p>hal ini mungkin akan diterapkan tidak lama lagi untuk versi update terbaru cmsid jadi tunggu saja.</p>\r\n\n<p> </p>\r\n\n<p>salam id</p>\r\n\n<p>eko</p>\r\n\n<p> </p>', 'admin@cmsid.org', 19, 337, 'themes, cmsid', 'cmsid-akan-sedikit-melakukkan-beberapa-penyesuaian-dan-kemudahan-pada-themes', 'post', 1, 'xml-xsl.jpg', '', 1, '', ''),
(55, 'admin', '2012-03-03 10:50:14', 'cmsid meluncurkan demo baru dengan antar muka cmsid yang lebih segar', '<p>ya baru saja cmsid merelease demo preview cmsid untuk versi berikutnya versi ini tidak jauh beda dengan versi versi lainnya hanya perbedaanya mecolok pada tapilan antar muka themes classic bawaan dengan versi baru yang dilengkapi dengan berbagai feature diantaranya</p>\r\n\n<p> </p>\r\n\n<p><strong>header rotator</strong></p>\r\n\n<p>anda munkgin pernah dengar dan mungkin juga pernah menggunakannya pada auracmsya kali ini kami menyematkannya agar themes lebih interaktif</p>\r\n\n<p> </p>\r\n\n<p><strong>frontpage topik</strong></p>\r\n\n<p>hal ini memungkinkan anda melihat artikel berdasarkan topik yang dipublikasikan</p>\r\n\n<p> </p>\r\n\n<p><strong>arsip post</strong></p>\r\n\n<p>hal ini memungkinkan anda melihat artikel berdasarkan arsip tahun dan bulan</p>\r\n\n<p> </p>\r\n\n<p><strong>tampilan yang lebih lebar</strong></p>\r\n\n<p>cmsid dengan sengaja sedikit melebarkan tampilan agar themes lebih cocok dilihat dari desktop</p>\r\n\n<p> </p>\r\n\n<p><strong>plugin pingback</strong></p>\r\n\n<p>Pingback merupakan suatu mekanisme di mana kita ingin memberitahukan kepada pemilik suatu weblog bahwa kita menaut weblog tersebut, sehingga weblog kita dan weblog yang kita taut bisa saling terhubung, ini masih tahap alpha</p>\r\n\n<p> </p>\r\n\n<p><strong>xml content</strong></p>\r\n\n<p>kami melakukkan beberapa peruhanan yang mendasar dari tata style penyesuaian kontent dengan menggunkan file ini anda bisa mengatur ngatur posisi  style left, right, center, sleft, sright dan full.</p>\r\n\n<p> </p>\r\n\n<p>selain xml kontent diatas kami juga menambahkan, mengurangi serta merubah beberapa fungsi untuk penyesuaain themes, dan perubahan tersebut bisa anda lihat pada index themes serta tak lupa pula kami menyertakan keterangan dari fungsi tersebut.</p>\r\n\n<p> </p>\r\n\n<p>demo dari beberapa hal diatas bisa anda lihat dari alamat demo cmsid yang kami sertakan atau kunjungi alamat <a title="demo" href="http://www.idcms.co.cc">http://www.idcms.co.cc</a></p>\r\n\n<p> </p>\r\n\n<p>salam id</p>\r\n\n<p>eko</p>\r\n\n<div><br /></div>\r\n\n<p> </p>', 'id.hpaherba@yahoo.co.id', 17, 395, 'cmsid, feature, demo', 'cmsid-meluncurkan-demo-baru-dengan-antar-muka-cmsid-yang-lebih-segar', 'post', 1, 'cmsid-demo-baru.jpg', '', 1, '', ''),
(56, 'admin', '2012-03-03 11:37:35', 'release cmsid 2.1.3 update', '<p>apa yang baru dari ya seperti yang telah diulas pada artikel "<a href="cmsid-meluncurkan-demo-baru-dengan-antar-muka-cmsid-yang-lebih-segar.html">cmsid meluncurkan demo baru dengan antar muka cmsid yang lebih segar</a>" disitu bisa anda sekalian lihat demonya dengan update terbarunya</p>\r\n\n<p> </p>\r\n\n<p>disini cmsid dengan update terbarunya untuk versi 2.1.3 memiliki banyax sekali keunggulan ketimbang pendahulunya diantaranya system management themes yang lebih perbaharukan dengan tidak mengandalkan database sebagai media content style tapi lebih ke personal persing xml file</p>\r\n\n<p> </p>\r\n\n<p>ada beberapa tambahan applikasi box ya itu box arsip yaitu mengurutkan artikel berdasarkan tahun dan bulan.</p>\r\n\n<p> </p>\r\n\n<p>perubahan yang cukup signifikan dan paling jelas disini yaitu pada sisi interface themes classic versi terbaru.</p>\r\n\n<p> </p>\r\n\n<p>diharapkan dengan versi terbaru ini dalam meminage kontent anda lebih mudah dan cepat dan kami selaku pengembang cmsid tidak luput dari kesalahan atau human error, maka dari itu kami sangat memerlukkan kritik dan saran anda untuk membuat cmsid ini menjadi cms yang lebih baik lagi</p>\r\n\n<p> </p>\r\n\n<p>salam id</p>\r\n\n<p>eko</p>', 'id.hpaherba@yahoo.co.id', 18, 485, 'cmsid, release', 'release-cmsid-2-1-3-update', 'post', 1, 'idcms-213.jpg', '', 1, '', ''),
(57, 'admin', '2012-03-06 11:33:00', 'cmsid meluncurkan aplikasi tools', '<p>cmsid baru baru ini merelease aplikasi tools tapi masih tahab beta, dimana nantinya tools ini sangatlah berguna bagi kami dan anda. yang bisa view disini <a href="tools.html">http://cmsid.org/tools.html</a></p>\r\n\n<p> </p>\r\n\n<p><strong>apa saja sih kegunaan aplikasi tools ini?</strong></p>\r\n\n<p>yups banyak sekali kegunaan dari aplikasi ini disamping juga bisa dijadikan penyalur atau minat anda dengan cara menyumbang aplikasi, plugin, themes yang anda buat atau anda bisa memberikan atau mencantumkan order aplikasi, plugin, themes yang anda buat pada aplikasi ini.</p>\r\n\n<p> </p>\r\n\n<p>aplikasi backend tools jelas ditujukan bagi developer yang bergabung di cmsid, dan bagian frontend ditujukan untuk client atau guest maupun member cmsid yang akan mendownload, order atau cuma sekedar view aja.</p>\r\n\n<p> </p>\r\n\n<p><strong>lalu apa lagi kelebihannya..?</strong></p>\r\n\n<p>sabar, masih banyak yang belum saya terangkan kepada anda. diaplikasi ini anda dapat melihat penggunaan filter yang sangat mudah untuk  menemukan hal yang inginkan, juga pada aplikasi ini pula anda bisa melihat tombol info, download free dan buy serta login</p>\r\n\n<p> </p>\r\n\n<p><strong>tombol info</strong></p>\r\n\n<p>berisi informasi dari item tsb</p>\r\n\n<p><strong>tombol download free</strong></p>\r\n\n<p>berisi link yang akan diredirek untuk mendownload file secara langsung dan mudah</p>\r\n\n<p><strong>tombol buy</strong></p>\r\n\n<p>anda diharusnya membeli item tersebut</p>\r\n\n<p><strong>tombole login</strong></p>\r\n\n<p>anda diharuskan login atau menjadi member terlebih dahulu sebelum mendownload atau membeli item</p>\r\n\n<p> </p>\r\n\n<p>view screenshot item yang besar ini memudahkan anda melihat tampilan atau perwakilan maupun icon dari item yang tersedia. versi item dan compatiblilitas di tools ini memudahkan anda dalam memudahkan dalam compatiblitas versi cmsid serta informasi versi terbaru</p>\r\n\n<p> </p>\r\n\n<p>sebenarnya aplikasi tools ini andalah pengembangan lebih lanjut dari aplikasi addons yang pernah cmsid buat dulu dan kini kami sedikit sempurnakan dan permudah.</p>\r\n\n<p>semoga dengan direleasenya aplikasi tools ini kami selaku developer cmsid memberikan jawaban atas beberapa pertanyaan yang anda ajukan.</p>\r\n\n<p> </p>\r\n\n<p>trimkasih sebelumnya, dan kami tidak luput dari kesalahan maka dari itu jangan segan segan memberikan kritik dan sarannya kepada kami melalui media yang kami sertakan</p>\r\n\n<p>salam id</p>\r\n\n<p>eko</p>', 'id.hpaherba@yahoo.co.id', 18, 769, 'tools, cmsid, aplikasi', 'cmsid-meluncurkan-aplikasi-tools', 'post', 1, 'photoshop-website-graphics-tools-logo-icon41-thumb.jpg', '', 1, '', ''),
(58, 'admin', '2012-03-07 10:27:42', 'Gimana sie cara buat link generator di cmsid versi 2.1 terbaru', '<p> </p>\r\n\n<p>ya saya pernah membahas membuat link generate tapi itu hanya untuk versi sebelum 2.1 dan pagaimana caranya membuat link generat di versi 2.1</p>\r\n\n<p>caranya sangatlah mudah dan lebih simple dari versi versi sebelumnya, karena link generat yang saya buat sudah saya fikirkan dengan sangat matang sekali dan bisa anda bandingkan dengan versi sebelum ini.</p>\r\n\n<p> </p>\r\n\n<p>mari kita lihat link standar dari cmsid:</p>\r\n\n<p> </p>\r\n\n<p>1. link aplikasi</p>\r\n\n<p> </p>\r\n\n<p>index.php?com=<strong>post </strong></p>\r\n\n<p>index.php?com=<strong>post</strong>&view=<strong>item</strong></p>\r\n\n<p>index.php?com=<strong>post</strong>&view=<strong>item</strong>&id=<strong>23</strong></p>\r\n\n<p> </p>\r\n\n<p>2. link halaman</p>\r\n\n<p> </p>\r\n\n<p>index.php?com=<strong>page</strong>&id=<strong>2</strong></p>\r\n\n<p> </p>\r\n\n<p>3. link login</p>\r\n\n<p> </p>\r\n\n<p>index.php?login</p>\r\n\n<p>index.php?login&go=<strong>register</strong></p>\r\n\n<p>index.php?login&go=<strong>profile</strong></p>\r\n\n<p>index.php?login&go=<strong>lostpass</strong></p>\r\n\n<p>index.php?login&go=<strong>logout</strong></p>\r\n\n<p> </p>\r\n\n<p>4. link admin</p>\r\n\n<p> </p>\r\n\n<p>index.php?admin</p>\r\n\n<p> </p>\r\n\n<p>5. link load url aplikasi</p>\r\n\n<p> </p>\r\n\n<p>irequest.php?load=<strong>proses</strong>&app=<strong>shoutbox</strong></p>\r\n\n<p>ini sama dengan meload url</p>\r\n\n<p>{web}/icontent/applications/<strong>shoutbox</strong>/load.<strong>proses</strong>.php</p>\r\n\n<p> </p>\r\n\n<p>6. link load url plugins</p>\r\n\n<p> </p>\r\n\n<p>irequest.php?load=<strong>pingback</strong>&plg=<strong>pingback</strong></p>\r\n\n<p>ini sama dengan meload url</p>\r\n\n<p>{web}/icontent/plugins/<strong>pingback</strong>/load.<strong>pingback</strong>.php</p>\r\n\n<p> </p>\r\n\n<p> </p>\r\n\n<p>lalu bagaimana caranya kita membuat link generate agar bisa seo userfrendly ?</p>\r\n\n<p>perlu diketahui terlebih dahulu apa saja keperluan dari link generate ini</p>\r\n\n<p> </p>\r\n\n<p>function do_links()</p>\r\n\n<p> </p>\r\n\n<p>fungsi ini yang akan mengubah array menjadi seo user frendly dan parameternya adalah</p>\r\n\n<p> </p>\r\n\n<p>do_link(''parameter'',''data'')</p>\r\n\n<p> </p>\r\n\n<p>lalu apa itu parameter dan data?</p>\r\n\n<p> </p>\r\n\n<p>parameter bisa diartikan sebagai direktori aplikasi atau variable dari com dan data bisa diartikan sebagai aksi dari aplikasi</p>\r\n\n<p>parameter data sendiri berupa array yang tersusun sedemikian rupa, bisa berupa view, id, dan title</p>\r\n\n<p> </p>\r\n\n<p>contoh penggunaan:</p>\r\n\n<p> </p>\r\n\n<p>echo do_links( ''aplikasi'' ) </p>\r\n\n<p> </p>\r\n\n<p>tercetak menjadi</p>\r\n\n<p> index.php?com=aplikasi</p>\r\n\n<p> </p>\r\n\n<p>echo do_links( ''aplikasi'', array(''view''=>''item'') ) </p>\r\n\n<p>tercetak menjadi</p>\r\n\n<p> index.php?com=aplikasi&view=item</p>\r\n\n<p> </p>\r\n\n<p>echo do_links( ''aplikasi'', array(''view''=>''item'',''id''=>23,''title''=>''judul artikel'') ) </p>\r\n\n<p>tercetak menjadi</p>\r\n\n<p>index.php?com=aplikasi&view=item&id=23</p>\r\n\n<p> </p>\r\n\n<p>1. link aplikasi</p>\r\n\n<p> </p>\r\n\n<p>do_links( ''post'' );</p>\r\n\n<p>do_links( ''post'', array(''view''=>''item'') );</p>\r\n\n<p>do_links( ''post'', array(''view''=>''item'',''id''=>''23'',''judul artikel'') );</p>\r\n\n<p> </p>\r\n\n<p>2. link halaman</p>\r\n\n<p> </p>\r\n\n<p>index.php?com=page&id=2</p>\r\n\n<p>do_links( ''page'', array(''id''=2,''title''=>''judul halaman'' ) )</p>\r\n\n<p> </p>\r\n\n<p>3. link login</p>\r\n\n<p> </p>\r\n\n<p>untuk seo login masih dalam prosess</p>\r\n\n<p> </p>\r\n\n<p>4. link admin</p>\r\n\n<p> </p>\r\n\n<p>untuk seo admin masih dalam prosess</p>\r\n\n<p> </p>\r\n\n<p>no 3 dan 4 bisa anda buat sendiri pada plugin seo sebelum datang update terbaru dari cmsid</p>\r\n\n<p> </p>\r\n\n<p>begitulah cara kerja dari link generator cmsid, semoga teman sekalian faham akan isi artikel ini.</p>\r\n\n<p>untuk lebih mendetail lagi bisa anda pelajadi pada plugins seo generator atau library permalinks</p>\r\n\n<p> </p>\r\n\n<p>salam id</p>\r\n\n<p>eko</p>\r\n\n<div><br /></div>\r\n\n<p> </p>', 'id.hpaherba@yahoo.co.id', 2, 722, 'link, seo, cmsid, generator, user frendly', 'gimana-sie-cara-buat-link-generator-di-cmsid-versi-2-1-terbaru', 'post', 1, 'seo-link-building-strategy.jpg', '', 1, '', ''),
(59, 'admin', '2012-03-07 14:58:04', 'hal hal dasar apa saja yang dilakukkan saat instalasi cmsid', '<p></p>\r\n\n<p>halo teman teman cmsid sekalian, pasti teman teman pernah mencoba cmsid bahkan melakukkan installasi donk.</p>\r\n\n<p>lalu apa saja yang sudah anda lakukkan pada cmsid setelah terintall diserver kamu..?</p>\r\n\n<p> </p>\r\n\n<p>baik saya akan memberikan petunjuk hal hal mendasar apa saja yang seharusnya anda lakukkan demi cmsid berjalan sesuai rencana</p>\r\n\n<p> </p>\r\n\n<p>1. lakukan penggantian member id baik itu nama pengguna, email dan password admin atau user</p>\r\n\n<p>2. lakukkan penggantian email kontak pesan</p>\r\n\n<p>hal ini digunakan saat form kontak anda terisi pesan pengunjung dan pesan tersebut akan dikirimkan ke email anda.</p>\r\n\n<p>hal ini bisa disetting pada panel Options > General > E-mail address</p>\r\n\n<p>ganti email admin@cmsid.org dengan email kamu</p>\r\n\n<p>3. lakukkan penggantian judul, slogan, description, keyword web</p>\r\n\n<p>hal ini juga merupakan hal utama karena ini adalah identitas website anda</p>\r\n\n<p>4. ganti timezone </p>\r\n\n<p>hal ini berguna bagi kita untuk menesuaikan waktu wilayah akses yang akan diteruskan kesistem untuk menset ulang timezone system</p>\r\n\n<p>5. ganti privacy dan sesuaikan dengan keinginan anda</p>\r\n\n<p>6. copyright dan lain lain</p>\r\n\n<p>7. ganti posisi widget admin pada tampilan baru cmsid halaman dasboard bisa anda rubah rubah posisinya sesuai dengan keinginan anda</p>\r\n\n<p>8. lakukkan cek update cms id untuk mengetahui apakah versi terbaru yang direkomendasikan telah release</p>\r\n\n<p>9. lakukkan editing themes default cmsid</p>\r\n\n<p> </p>\r\n\n<p>ada yang tau selain hal dasar yang saya sebutkan diatas,..anda bisa komentar dikolom komentar yang kami sediakan</p>\r\n\n<p> </p>\r\n\n<p>salam id</p>\r\n\n<p>eko</p>\r\n\n<div><br /></div>\r\n\n<p> </p>', 'id.hpaherba@yahoo.co.id', 2, 720, 'dasar, cmsid', 'hal-hal-dasar-apa-saja-yang-dilakukkan-saat-instalasi-cmsid', 'post', 1, 'e_commerce_1_neu1.jpg', '', 1, '', ''),
(60, 'admin', '2012-03-16 11:29:37', 'Membuat aplikasi sederhana di cmsid', '<p> </p>\r\n\n<p>Ok teman teman pasti yang sudah mencoba cmsid tertarik ingin\r\n\nmembuat sebuah atau lebih aplikasi buatan sendiri, baik disini saya akan\r\n\nmemberikan step by step pembuatan aplikasi sederhana pada cmsid.</p>\r\n\n<p> </p>\r\n\n<p>Yang perlu diperhatikan dalam membuat aplikasi di cmsid\r\n\nadalah sebagai berikut:</p>\r\n\n<p> </p>\r\n\n<p>1.      \r\n\nFile standar yang digunakan</p>\r\n\n<p>File standar adalah file file yang\r\n\ndistandari sasi oleh system cmsid dalam pembuatan aplikasi</p>\r\n\n<p> </p>\r\n\n<p>2.      \r\n\nAksessibiliti</p>\r\n\n<p>Digunakan untuk mencegahan file, ini adalah\r\n\nstandar dari cmsid</p>\r\n\n<p> </p>\r\n\n<p>3.      \r\n\nFilterisasi</p>\r\n\n<p>Diharapkan agar semua aplikasi dapat\r\n\nterfilter dengan baik</p>\r\n\n<p> </p>\r\n\n<p>4.      \r\n\nStandarisasi konektifitas</p>\r\n\n<p>Ini adalah standar dari cmsid dalam\r\n\nmenghubungkan fungsional dari system cmsid</p>\r\n\n<p> </p>\r\n\n<p>5.      \r\n\nLink SEO</p>\r\n\n<p>Ini adalah standarisasi link dari system\r\n\ncmsid yang akan mengenerate link secara otomatis untuk halaman admin tidak\r\n\nmengunakan methode ini</p>\r\n\n<p> </p>\r\n\n<p>Baiklah pasti anda tidak sabar ingin segera membuat aplikasi\r\n\nsederhana anda sendiri yang anda idam idamkan selama ini.</p>\r\n\n<p> </p>\r\n\n<p>Misalkan kita akan membuat aplikasi "Note/Catatan"  langkah yang harus anda lakukkan</p>\r\n\n<p> </p>\r\n\n<p><strong>File standar</strong></p>\r\n\n<p>Semua file aplikasi akan disimpan pada direktori\r\n\n"icontent/applications/", jadi aplikasinya akan seperti ini:</p>\r\n\n<p><em> "icontent/applications/note/"</em></p>\r\n\n<p> </p>\r\n\n<p>Lalu buat file file standarnya pada direktori aplikasi, file\r\n\nfilenya adalah</p>\r\n\n<p><em>"note.php" ->\r\n\nhalaman depan aplikasi yang dilihat oleh client</em></p>\r\n\n<p><em>"init.php" -> untuk\r\n\nmenu manager dan fungsi fungsi untuk manager</em></p>\r\n\n<p><em>"manager.php" ->\r\n\nhalaman admin manager note</em></p>\r\n\n<p><em> </em></p>\r\n\n<p><strong>Aksessibiliti</strong></p>\r\n\n<p>Tulis code berikut pada file "note.php" hal ini untuk\r\n\nmencegah pengaksesan file lebih lanjut:</p>\r\n\n<p><em><!--?php</em--></em></p>\r\n\n<p><em> </em></p>\r\n\n<p><em><em>if(!defined(''_iEXEC''))\r\n\nexit;</em></em></p>\r\n\n<p><em> </em></p>\r\n\n<p><em><br /></em></p>\r\n\n<p><em> </em></p>\r\n\n<p><em><br /></em></p>\r\n\n<p> </p>\r\n\n<p><strong>Filterisasi</strong></p>\r\n\n<p>Tulis kode berikut setelah kode Aksessibiliti diatas, code\r\n\nfunction yang digunakan adalah filter_txt() atau filter_int() fungsi ini bisa\r\n\nanda lihat pada file "ilibs/function.php" atau "ilibs/filters.php"</p>\r\n\n<p><em><!--?php</em--></em></p>\r\n\n<p><em>\r\n\n<p style="font-style: italic;"><!--?php</p--></p>\r\n\n<p style="font-style: italic;"><em>$view = filter_txt(\r\n\n$_GET[‘view''] );</em></p>\r\n\n<p style="font-style: italic;"><em>$id = filter_int(\r\n\n$_GET[‘id''] );</em></p>\r\n\n<p style="font-style: italic;"><em>?></em></p>\r\n\n<p>Penulisan kode diatas tergantung dari penerapan\r\n\naplikasi  anda masing masing, yang\r\n\ndimaksud kode diatas adalah penerapan function filter_txt() atau filter_int()</p>\r\n\n<p style="font-style: italic;"> </p>\r\n\n<p><strong><em>Standarisasi\r\n\nKonektifitas </em></strong></p>\r\n\n<p>untuk standarisasi konetifitas bisa menggunakan database class yang kami sediakan pada library</p>\r\n\n<p>cara penulisannya adalah misal kita mau menampilkan isi dari table "note" dengan\r\n\nfield "id,judul,isi,status,tanggal" pengunaannya / penulisan codenya adalah sebagai berikut</p>\r\n\n<p> </p>\r\n\n<p>menampilkan data multi / banyak</p>\r\n\n<p><em><!--?php</em--></em></p>\r\n\n<em>\r\n\n<p> </p>\r\n\n<p style="font-style: italic;"><!--?php</p--></p>\r\n\n<p style="font-style: italic;"><em>global  $db;</em></p>\r\n\n<p style="font-style: italic;"><em>$sql        = $db->select( ‘note'',  array(‘status''=>1), ‘ORDER BY tanggal'' ) ;</em></p>\r\n\n<p style="font-style: italic;"><em>while( $data =\r\n\n$db->fetch_array($sql) ){</em></p>\r\n\n<p style="font-style: italic;"><em>echo $data[‘judul''] .\r\n\n<br />'''';</em></p>\r\n\n<p style="font-style: italic;"><em>echo $data[‘isi''];</em></p>\r\n\n<p style="font-style: italic;"><em>}</em></p>\r\n\n<p style="font-style: italic;"><em>?></em></p>\r\n\n<p style="font-style: italic;"><em> </em></p>\r\n\n<p>Menampilkan data single berdasarkan "id"</p>\r\n\n<p style="font-style: italic;"><!--?php</p--></p>\r\n\n<p style="font-style: italic;"><!--?php</p--></p>\r\n\n<p style="font-style: italic;"><em>$sql         = $db->select( ‘note'',  array(‘status''=>1,''id''=>$id), ‘ORDER BY\r\n\ntanggal'' ) ;</em></p>\r\n\n<p style="font-style: italic;"><em>$data    = $db->fetch_array($sql) ;</em></p>\r\n\n<p style="font-style: italic;"><em>echo $data[‘judul''] .\r\n\n<br />'''';</em></p>\r\n\n<p style="font-style: italic;"><em>echo $data[‘isi''];</em></p>\r\n\n<p style="font-style: italic;"><em>?></em></p>\r\n\n<p style="font-style: italic;"><em> </em></p>\r\n\n<p>Penulisan code diatas bisa anda lihat pada tautan brk: <a href="item-fitur-fitur-dan-kelebihan-yang-diusung-cms-id-versi-terbaru.html">http://cmsid.org/item-fitur-fitur-dan-kelebihan-yang-diusung-cms-id-versi-terbaru.html</a></p>\r\n\n<p style="font-style: italic;"> </p>\r\n\n<p><strong>Link SEO</strong></p>\r\n\n<p>Link seo yaitu link yang kami buat sesederhana mungkin agar\r\n\nsystem cmsid lebih friendly lagi</p>\r\n\n<p>Cara penulisannya adalah sebagai berikut:</p>\r\n\n<p><em><!--?php</em--></em></p>\r\n\n<em>\r\n\n<p style="font-style: italic;"><!--?php</p--></p>\r\n\n<p style="font-style: italic;">$data_link = array(</p>\r\n\n<p style="font-style: italic;">‘view''    => ‘detail'',</p>\r\n\n<p style="font-style: italic;">‘id''          => ‘1/2/3''</p>\r\n\n<p style="font-style: italic;">‘title''     => ‘judul yang digunakan''</p>\r\n\n<p style="font-style: italic;">);</p>\r\n\n<p style="font-style: italic;">echo do_links( $data_link);</p>\r\n\n<p style="font-style: italic;">?></p>\r\n\n<p>Penulisan code diatas bisa anda lihat pada tautan brk: <a href="item-gimana-sie-cara-buat-link-generator-di-cmsid-versi-2-1-terbaru.html">http://cmsid.org/item-gimana-sie-cara-buat-link-generator-di-cmsid-versi-2-1-terbaru.html</a></p>\r\n\n<p style="font-style: italic;"> </p>\r\n\n<p> </p>\r\n\n<p>untuk lebih lanjut cara membuat aplikasi cmsid silahkan download <a href="http://cmsid.googlecode.com/files/bagaimana-cara-membuat-aplikasi-cmsid-terbaru.pdf">disini </a>dan souce code aplikasi note <a href="http://cmsid.googlecode.com/files/note.zip">disini</a></p>\r\n\n<p style="font-style: italic;"> </p>\r\n\n<p> </p>\r\n\n<p>salam id</p>\r\n\n<p>eko</p>\r\n\n<p> </p>\r\n\n<p> </p>\r\n\n<p> </p>\r\n\n<p> </p>\r\n\n</em></em></em></p>', 'id.hpaherba@yahoo.co.id', 2, 1555, 'aplikasi, cmsid, membuat', 'membuat-aplikasi-sederhana-di-cmsid', 'post', 1, 'apps.jpg', '', 1, '', ''),
(61, 'admin', '2012-03-22 15:27:26', 'release cmsid 2.1.4 update', '<p></p>\r\n\n<p>Belum genap satu bulan rasanya cmsid meluncurkan cmsid versi\r\n\n2.1.3 dan sekarang sudah keluar versi 2.1.4, lalu apa saja feature tambahan\r\n\natau fixed yang dibawa oleh versi ini.</p>\r\n\n<p>Beberapa feature tambahan dan fixed yang dibawa oleh versi\r\n\nini antara lain adalah:</p>\r\n\n<p><ol>\r\n\n<li>Dukungan login menggunakan cookie yang\r\n\nsebelumnya belum pernah ada pada versi cmsid sebelumnya dan hal ini jelas\r\n\nberpengaruh pada pemanggilan username atau level user yang biasa dipanggil\r\n\nmenggunakan variable $session->get(''user_name'')  menjadi  $access->exist_value(''user_name''), hal ini\r\n\ndapat bekerja secara multiple apabila anda mensetting penyimpanan log dengan\r\n\nmetode $_COOKIE atau $_SESSION.</li>\r\n\n<li>Fixed pada rss writter yang kebanyakan link seo\r\n\ntidak bekerja apabila type link diganti selain default,  hal ini dikarenakan plugins seo tidak bisa\r\n\ndipanggil oleh librari permalink.</li>\r\n\n<li>Penambahan login generator pada plugin seo, hal\r\n\nini memungkinkan anda dapat dengan mudah membuat link login dengan sangat\r\n\nfrendly</li>\r\n\n<li>Penambahan fungsi reset hits dan counter statistik\r\n\npada panel administrator, sehingga anda dapat mereset statistik web menjadi 0\r\n\nsecara mudah.</li>\r\n\n<li>Menambahkan tag <front>...</front>\r\n\npada content.xml themes yang memungkinkan anda mengedit lebar serta posisi\r\n\nhalaman utama, tentunya dengan terlebih dahulu menambahkan fungsi set_layout("front");\r\n\npada file frontpage.php themes anda</li>\r\n\n<li>Menyertakan themes classic versi 1.2 dan classic\r\n\nsoft versi 1.3 yang memungkinkan anda memilih variasi themes yang anda suka.</li>\r\n\n<li>Style kolom komentar posting artikel yang lebih\r\n\nbaik, memudahkan anda dalam meninggalkan komentar dan mereplay komentar</li>\r\n\n</ol></p>\r\n\n<p> </p>\r\n\n<p>Hal diatas adalah sebagian kecil yang kami update berkat\r\n\ndukungan serta laporan dari teman teman yang mempercepat perbaikan dan\r\n\npenambahan feature.</p>\r\n\n<p>Seandainya ada dari Anda sekalian ingin memberi ide maupun\r\n\nkritik untuk cmsid supaya menjadikan system cmsid menjadi lebih baik kami\r\n\nsangat senang sekali menerimanya,.</p>\r\n\n<p>Salam id</p>\r\n\n<p>eko</p>\r\n\n<p> </p>', 'id.hpaherba@yahoo.co.id', 18, 1571, 'cmsid, release', 'release-cmsid-2-1-4-update', 'post', 1, 'idd.jpg', '', 1, '', ''),
(62, 'admin', '2012-04-02 11:10:40', 'Ubah tampilan cmsid anda dengan  themes portal v 1.1 gratis', '<p> </p>\r\n\n<p>Beberapa waktu lalu cmsid sempat memposting themes / antar\r\n\nmuka cmsid versi portal pada <a href="http://www.facebook.com/groups/cmsid/">facebook\r\n\ngroup</a> , disitu ditampilkan design antarmuka portal yang diadopsi dari themes\r\n\ncms tetangga sebelah.</p>\r\n\n<p>Ada beberapa modifikasi yang tidak disertakan pada themes\r\n\nportal versi 1.1 gratis ini, ya namanya aja gratis jadi gak lengkap\r\n\ndonk!..namun jangan kecewa dulu, walaupun gak lengkap tapi tampilan\r\n\nantarmukanya tidak kalah soft, lihat saja screenshot dibawah ini..</p>\r\n\n<p>Portal v 1.1 free</p>\r\n\n<p><img src="http://farm8.staticflickr.com/7277/6891454338_b0a67975f5_z.jpg" alt="" width="400" /></p>\r\n\n<p>Post Fist Via FB Group</p>\r\n\n<p><img src="http://farm8.staticflickr.com/7037/7037549219_a82d77b983_z.jpg" alt="" width="400" /></p>\r\n\n<p> </p>\r\n\n<p>Bagi anda yang tidak sabaran ingin mencobanya silahkan unduh\r\n\nthemesnya disini <span style="color: #0000ff;">http://cmsid.org/tools.html</span>  themes ini dikhususkan untuk versi 2.1.4 yang\r\n\ntelah mendukung xml tag front.</p>\r\n\n<p> </p>\r\n\n<p>Untuk permasalahan yang terjadi pada versi ini, tertitik\r\n\npada pengembangan log cookiesnya disarankan agar mengeset mode login ke\r\n\n$_SESSION yang bisa anda atur pada  menu\r\n\noption -> privacy -> login type dan ubah opsi menjadi "$_SESSION" atau\r\n\nubah manual pada database cmsid -> table "iw_options" -> field name"login_type"\r\n\nubah parameter value menjadi "0".</p>\r\n\n<p>Sambil menunggu value pack update dari kami</p>\r\n\n<p> </p>\r\n\n<p>Salam id</p>\r\n\n<p>eko</p>\r\n\n<p> </p>\r\n\n<p> </p>\r\n\n<p> </p>', 'id.hpaherba@yahoo.co.id', 2, 1177, 'cmsid, themes, portal', 'ubah-tampilan-cmsid-anda-dengan-themes-portal-v-1-1-gratis', 'post', 1, 'portal-11-214.jpg', '', 1, '', ''),
(63, 'admin', '2012-04-05 11:11:54', 'Fix Bug masalah login pada versi 2.1.4', '<p></p>\r\n\n<p>Mungkin bagi anda yang sudah pernah mencoba versi 2.1.4\r\n\nsudah tau kalo pada versi ini terkadang saat mau login ke admin manager kita\r\n\ntidak bisa masuk, padahal akun dan sandi sudah benar.</p>\r\n\n<p>Baiklah saya akan menerangkan sedikit permasalahannya dan\r\n\nbagaimana cara menaggulangi permasalahan ini.</p>\r\n\n<p>Pada versi ini cmsid didesain dengan 2 kemungkinan log yaitu\r\n\nmenggunakan session browser dan cookie browser dan pada versi ini log cookie\r\n\ndijadikan default yang saya kira akan bekerja sempurna tapi nyatanya tidak sama\r\n\nsekali dan ini dikarenakan ada beberapa bug code pada cookie yang coba hal ini saya\r\n\nakan perbaiki.</p>\r\n\n<p>Jika anda menginginkan login pada versi ini bekerja normal\r\n\nseperti biasa anda bisa mengeset opsi type_log dari cookie ke session.</p>\r\n\n<p>Caranya:</p>\r\n\n<p>1.      \r\n\nAnda bisa ubah opsi cookie ke session pada menu options\r\n\nmanager -> privacy -> type_log -> (pilih $_COOKIE atau $_SESSION),\r\n\nbila tidak bisa dengan cara ini anda bisa lakukkan cara ke 2.</p>\r\n\n<p>2.      \r\n\nDump SQL Query dibawah ini ke database cmsid </p>\r\n\n<p><strong>UPDATE</strong> `iw_options` <strong>SET</strong> `value` = ''0'' <strong>WHERE</strong> `name` = ''login_type''</p>\r\n\n<p>Jika cara\r\n\ndiatas tidak bisa lakukkan cara ke 3.</p>\r\n\n<p>3.      \r\n\nAnda bisa masuk ke database -> cari table "iw_options"\r\n\n-> pada kolom field name -> cari "login_type" dan ubah value "1" menjadi "0".</p>\r\n\n<p>Semoga penjelasan diatas bisa sedikit membantu, kalaupun ada\r\n\npertanyaan silakan sampaikan ke facebook group atau yahoo messanger</p>\r\n\n<p> </p>', 'id.hpaherba@yahoo.co.id', 2, 906, 'login', 'fix-bug-masalah-login-pada-versi-2-1-4', 'post', 1, 'login_large.jpg', '', 1, '', ''),
(64, 'admin', '2012-04-14 11:41:49', 'Aplikasi Forum Diskusi comming soon!', '<p></p>\r\n\n<p>Aplikasi Forum Diskusi adalah aplikasi yang dibuat untuk\r\n\ntempat mendiskusikan atau berbagai berbagai kontent sharing yang dibuat dengan\r\n\nengine id, dengan mengadobsi beberapa kontent cmsid dari luar.</p>\r\n\n<p>Pengembangan Aplikasi Forum Diskusi ini sendiri dimulai dari\r\n\npermintaan teman teman, yang sampai saat ini masih mendukung perkembangan  cmsid .</p>\r\n\n<p>Baik saya akan menerangkan beberapa feature aplikasi forum\r\n\ndiskusi ini:</p>\r\n\n<p>1.      \r\n\nForum diskusi hanya dibuat dengan 1 table</p>\r\n\n<p>Jadi bisa anda bayangkan donk..bagaimana\r\n\ncmsid membuatnya</p>\r\n\n<p>2.      \r\n\nTampilan lebih userfrendly</p>\r\n\n<p>Dengan tampilan yang soft ini semoga\r\n\naplikasi ini menjadi aplikasi yang patut dan mudah anda gunakan serta  terapkan dalam keseharian.</p>\r\n\n<p>3.      \r\n\nTime stamp</p>\r\n\n<p>Adalah feature baru dari cmsid, feature\r\n\nsudah disertakan oleh kami pada versi 2.1.4 dan diterapkan pada aplikasi\r\n\nkomentar post atau artikel, dengan feature ini anda bisa dengan mudah melihat\r\n\nwaktu posting si penulis.</p>\r\n\n<p>4.      \r\n\nLocation</p>\r\n\n<p>Dengan feature ini anda dapat tahu dari\r\n\nmana si pemosting ini berasal</p>\r\n\n<p>5.      \r\n\nAvatar gravatar terintegrasi</p>\r\n\n<p>Yang memudahkan anda melihat avatar dari\r\n\ndipenulis</p>\r\n\n<p>6.      \r\n\nText filterisasi</p>\r\n\n<p>Dengan filter ini system akan menyaring\r\n\nkata kata yang tidak berkenan pada postingan (dalam pengembangan)</p>\r\n\n<p> </p>\r\n\n<p>Itu adalah beberapa sebagian feature yang terdapat pada\r\n\naplikasi forum diskusi,.</p>\r\n\n<p>Berikut saya akan tampilkan beberapa screnshoot dari forum\r\n\ndiskusi:</p>\r\n\n<p><img src="http://farm8.staticflickr.com/7230/7075607173_d1ca7d6867_b_d.jpg" alt="" width="100%" /></p>\r\n\n<p>gambar 1</p>\r\n\n<p><img src="http://farm6.staticflickr.com/5239/7075607269_c0cf260756_b_d.jpg" alt="" width="100%" /></p>\r\n\n<p>gambar 2</p>\r\n\n<p><img src="http://farm6.staticflickr.com/5113/6929532588_615d2f1bf0_b_d.jpg" alt="" width="100%" /></p>\r\n\n<p>gambar 3</p>\r\n\n<p><img src="http://farm8.staticflickr.com/7093/6929532510_d000369f65_b_d.jpg" alt="" width="100%" /></p>\r\n\n<p>Kurang lebihnya silahkan anda lihat pada menu <strong>Forum Diskusi</strong> atau alamat http://cmsid.org/forum.html</p>\r\n\n<p>Apa bila ada ide atau masukan silahkan beri balasan pada\r\n\nkolom  form komentar artikel ini.</p>\r\n\n<p> </p>', 'id.hpaherba@yahoo.co.id', 19, 2699, 'forum diskusi', 'aplikasi-forum-diskusi-comming-soon', 'post', 1, 'forum-diskusi-02.jpg', '', 1, '', ''),
(65, 'admin', '2012-06-11 09:57:04', 'Preview konsep cmsid UIv4.1.2', '<p>Apakabar teman-temanku sekalian,\r\n\npasti pada bertanya kan kemana saja sih selama ini cmsid menghilang dari update-update\r\n\nterbarunya. CMSID tidak pernah mengilang jawabnya, karena ada misi pengembangan\r\n\nterbaru yang cukup melelahkan dan menguras waktu dan tenaga yang dicurahkan\r\n\nuntuk proyek terbaru ini, dan hasilnya tidak cukup buruk untuk sekelas\r\n\ndeveloper pemula seperti  saya, lalu apa\r\n\nsaja proyek itu mari simak penjelasan saya berikut.</p>\r\n\n<p>1.       Melakukkan\r\n\npengembangan terhadap versi versi updatenya</p>\r\n\n<p>Yang dimaksudkan\r\n\ndi atas adalah cmsid masih terus melakukkan perbaikan perbaikan baik itu bug\r\n\nmaupun feature yang belum sempurna dan tentunya hal ini cukup memakan waktu\r\n\nlama.</p>\r\n\n<p>2.       Mendesain\r\n\nUI terbaru untuk versi selanjutnya agar lebih frendly lagi</p>\r\n\n<p>Ya kami sedang\r\n\nmelakukkan ujicoba UI terbaru untuk proyek terbaru kami juga, dan tentunya hal\r\n\nini harus mengindahkan feature dan ciri khas dari cmsid itu sendiri dan anda\r\n\ndapat melihat video demo UI terbaru dalam video dibawah.</p>\r\n\n<p>3.       Melakukkan\r\n\npengembangan terhadap versi  terbaru yang\r\n\nkemungkinan akan menerapkan UI terbarunya</p>\r\n\n<p>Rumah lama\r\n\ntentunya membutuhkan renovasi agar lebih ciamik, bagus, enak dipandang dan\r\n\nsemakin mantap, dengan seiring berjalannya waktu kami juga tidak luput\r\n\nmerenovasi system yang kami sematkan pada cmsid agar lebih ciamik pula dan\r\n\ntentunya merubah cara pendang anda tentang kami, bagaimana kami bekerja untuk\r\n\nini serta bagaimana kami melakukkan ini semua untuk anda.</p>\r\n\n<p>Dalam video berdurasi beberapa ½ menit\r\n\nini akan menampilkan preview design UI 4.12 dan tentunya design ini masih terus\r\n\nberlanjut sampai tahap final untuk diterapkan.</p>\r\n\n<p>Silahkan simak video berikut ini</p>\r\n\n<p>\r\n\n<object classid="clsid:d27cdb6e-ae6d-11cf-96b8-444553540000" width="100%" height="400" codebase="http://download.macromedia.com/pub/shockwave/cabs/flash/swflash.cab#version=6,0,40,0">\r\n\n<param name="src" value="https://www.youtube.com/v/TQPECI-QdZs" /><embed type="application/x-shockwave-flash" width="100%" height="400" src="https://www.youtube.com/v/TQPECI-QdZs"></embed>\r\n\n</object>\r\n\n</p>\r\n\n<p>Apa yang bisa anda simpulkan\r\n\ndalam penggalan video demo tersebut..? ya tentunya yang paling mecolok adalah\r\n\ndesign yang baru yang lebih segar.</p>\r\n\n<p>Beberapa hal yang kami rubah\r\n\ndalam cara pendang adalah pada menu widget "Quick Link Panel" yang tadinya\r\n\ntersemat dalam box kini kami pindahkan pada menu action serta disertakan UI\r\n\nicon yang lebih memudahkan kembali.</p>\r\n\n<p>Jika anda baru saja menonton\r\n\nvideo ini, kami sudah selangkah melakukkan beberapa perubahan pada UI ini\r\n\nterutama pada multi view  dengan ini anda\r\n\ndapat melihat ukuran browser pada view fulscreen dan pada ukuran tertentu,.</p>\r\n\n<p> </p>\r\n\n<p>Baiklah itu sebagian dari\r\n\npenggalan cerita dari kami selaku developer bertrimakasih kepada siapapun yang\r\n\ntelah mendukung kami dari segi apapun demi kelancaran proyek ini.</p>\r\n\n<p> </p>\r\n\n<p>Salam ID (AIDI)</p>\r\n\n<p>Eko</p>\r\n\n<p> </p>', 'id.hpaherba@yahoo.co.id', 19, 574, 'cmsid, aidi, konsep, ui,', 'preview-konsep-cmsid-uiv4-1-2', 'post', 1, 'UI412.jpg', '', 1, '', ''),
(66, 'admin', '2012-09-10 19:49:58', 'Activity record fungsi baru untuk rekam jejak di cmsid versi terbaru', '<p></p>\r\n\n<p>Sebelumnya saya meminta maaf karena saya jarang sekali\r\n\nmengupdate artikel artikel cmsid dengan update terbarunya, tetapi bukan berarti\r\n\nlantas saya berhenti sampai disini saja ada banyak cerita seputar cmsid selama\r\n\nmasa fakum pengembangannya.</p>\r\n\n<p>Cmsid tidak fakum sepenuhnya dengan ide ide kreatifnya, saat\r\n\nini saya selaku pengembang terus melakukkan pengembangan cmsid versi terbaru\r\n\ndengan mengangkat UI (User Interface) terbaru yang akan diusung oleh versi\r\n\nterbaru yang tak lama lagi akan di release versi betanya karena cmsid selalu\r\n\nmengadakan agenda tahunannya untuk melakukkan hal ini.</p>\r\n\n<p>Baik jadi hal baik apa saja yang kami kerjakan selama ini</p>\r\n\n<p>1.      \r\n\nMembuat UI lebih frendly</p>\r\n\n<p>Sekarang anda dapat membuat themes cmsid\r\n\nsemudah membuat themes menggunakan html dan css dan POP UP UI admin juga\r\n\nmendapat pembaharuan design.</p>\r\n\n<p>2.      \r\n\nMenambahkan banyak fungsi</p>\r\n\n<p>Sekarang pun anda dimanjakan dengan banyak\r\n\nsekali yang berguna bagi anda di antaranya fungsi activity record  yang seperti pada judul diatas tsb dengan\r\n\nfungsi ini anda dapat merekam jejak pengguna.</p>\r\n\n<p>3.      \r\n\nPerbaharuan plugin yang lebih mudah untuk di\r\n\nterapkan dan di gunakan</p>\r\n\n<p>Dengan adanya fungsi action seperti yang ada\r\n\npada system wordpress penerapan plugins semakin lebih mudah.</p>\r\n\n<p>Itu beberapa opsi dari pengembangan terbaru yang saya\r\n\nlakukkan selama masa liburan dan menghilang dari ranah online.</p>\r\n\n<p>Masih banyak lagi pengembangan terbaru yang tidak akan saya\r\n\ntuliskan semuanya di halaman ini karena ada halaman group facebook yang\r\n\nmengulas tentang perkembangan terbaru dari cmsid ini silahkan bergabung bersama\r\n\nkami.</p>\r\n\n<p>Selain hal diatas saya akan menampilan sedikit video demo UI\r\n\ndari admin.</p>\r\n\n<p>Pada video demo ini nampak demontrasi login dan saat\r\n\nmemasuki halaman home administrator dengan demontrasi setting widget    </p>\r\n\n<p> </p>\r\n\n<p>\r\n\n<object classid="clsid:d27cdb6e-ae6d-11cf-96b8-444553540000" width="425" height="350" codebase="http://download.macromedia.com/pub/shockwave/cabs/flash/swflash.cab#version=6,0,40,0">\r\n\n<param name="src" value="http://www.youtube.com/v/DTFkgRxE3N4&feature" /><embed type="application/x-shockwave-flash" width="425" height="350" src="http://www.youtube.com/v/DTFkgRxE3N4&feature"></embed>\r\n\n</object>\r\n\n</p>', 'id.hpaherba@yahoo.co.id', 17, 260, 'activity record', 'activity-record-fungsi-baru-untuk-rekam-jejak-di-cmsid-versi-terbaru', 'post', 1, '1242def4d5b59c99e917208859ddd657-d4rhd25.jpg', '', 1, '', ''),
(67, 'admin', '2012-10-05 15:32:12', 'Demontration Admin Manager cmsid', '<p> </p>\r\n\n<p>Cmsid dahulu dan sekarang sudah sangat berbeda dan\r\n\nberkembang jauh dan pesat demi terciptanya kontent website yang lebih mampuni\r\n\nkhususnya untuk level cms dalam negeri ini,..</p>\r\n\n<p>Cmsid terbaru ini dibekali dengan berbagai kemampuan yang\r\n\nlain dari pada yang lain, lihat saja seperti installer manager, application\r\n\nmanager, plugins manager, function action, activity record yang lalu pernah\r\n\nsaya bahas pada artikel sebelumnya.</p>\r\n\n<p>Kali ini cmsid mendemonstrasikan bagaimana cmsid bekerja\r\n\ndengan User Interface terbarunya silahkan simak video berikut ini:</p>\r\n\n<p>\r\n\n<object classid="clsid:d27cdb6e-ae6d-11cf-96b8-444553540000" width="425" height="350" codebase="http://download.macromedia.com/pub/shockwave/cabs/flash/swflash.cab#version=6,0,40,0">\r\n\n<param name="src" value="http://www.youtube.com/v/0M8CNshpGkI" /><embed type="application/x-shockwave-flash" width="425" height="350" src="http://www.youtube.com/v/0M8CNshpGkI"></embed>\r\n\n</object>\r\n\n</p>', 'id.hpaherba@yahoo.co.id', 19, 253, 'demo, cmsid', 'demontration-admin-manager-cmsid', 'post', 1, 'GroupCMSIndonesia.png', '', 1, '', ''),
(68, 'admin', '2012-10-12 11:43:00', 'Release Pra Beta Preview', '<p>Kali ini cmsid ingin mengabarkan kepada para pecinta dan\r\n\nnewbie opensource cmsid, bahwa cmsid baru saja merilis versi  pra release beta previewnya tapi perilisan ini\r\n\nhanya exlusif di grup facebook cmsid, nah bagi teman teman yang gak sabar ingin\r\n\nnyobain cmsid versi ini teman teman bisa mendaftar sebagai pengikut digrup fb\r\n\ncmsid ini.</p>\r\n\n<p>Ada banyak keuntungan bila teman teman sekalian mendaftarkan\r\n\ndi grup ini</p>\r\n\n<p>1.      \r\n\nMengetahui info info terbaru seputar\r\n\npengembangan cmsid</p>\r\n\n<p>2.      \r\n\nAnda dapat sharing dan bertanya dan insyaallah\r\n\nkami akan menyempatkan menjawab pertanyaan serta masih banyak lagi kelebihan\r\n\nlainnya</p>\r\n\n<p>3.      \r\n\nSegera daftar disini <a href="http://facebook.com/groups/cmsid">http://facebook.com/groups/cmsid</a></p>\r\n\n<p>Untuk mencoba versi ini anda bisa mencarinya pada artikel\r\n\nterbaru dari grup ini atau bisa langsung ke kategory file grup untuk mengunduh\r\n\nfilenya, dan jangan lupa untuk share reviewnya untuk masukkan.</p>\r\n\n<p>Apapun masukkannya akan kami terima dengan senang hati demi\r\n\nterciptanya konten yang frendly sesuai harapan kita.</p>\r\n\n<p> </p>', 'id.hpaherba@yahoo.co.id', 18, 340, 'release, cmsid, beta, pra release', 'release-pra-beta-preview', 'post', 1, 'Dashboard.png', '', 1, '', '');

-- --------------------------------------------------------

--
-- Table structure for table `iw_post_comment`
--

DROP TABLE IF EXISTS `iw_post_comment`;
CREATE TABLE IF NOT EXISTS `iw_post_comment` (
  `comment_id` int(11) NOT NULL AUTO_INCREMENT,
  `comment` text NOT NULL,
  `author` varchar(30) NOT NULL,
  `email` varchar(90) NOT NULL,
  `date` datetime NOT NULL DEFAULT '0000-00-00 00:00:00',
  `time` int(20) NOT NULL,
  `post_id` int(11) NOT NULL DEFAULT '0',
  `comment_parent` int(11) NOT NULL,
  `approved` int(1) NOT NULL DEFAULT '1',
  `user_id` varchar(80) NOT NULL,
  PRIMARY KEY (`comment_id`)
) ENGINE=MyISAM  DEFAULT CHARSET=utf8 AUTO_INCREMENT=30 ;

--
-- Dumping data for table `iw_post_comment`
--

INSERT INTO `iw_post_comment` (`comment_id`, `comment`, `author`, `email`, `date`, `time`, `post_id`, `comment_parent`, `approved`, `user_id`) VALUES
(17, 'siiip, saya kiri waktu down kemarin tandanya mati cms ini...<br />\r\n\n<br />\r\n\n(jangan sampai kaya cms indonesia yang lain yang mati ataupun mati suri)<br />\r\n\n<br />\r\n\nmoga aja studiku cepat kelar jadi bisa coding lagi....', 'kukun', 'kukun_98@yahoo.com', '2012-01-20 17:17:17', 1332371196, 49, 0, 1, ''),
(16, 'thanks buat bro ismail :)', 'Eko Hendratno', 'admin@cmsid.org', '2011-11-05 08:58:31', 1332371196, 39, 0, 1, 'admin'),
(15, 'Maknyooossss', 'Kera Ngalam', 'cow.ngalam@gmail.com', '2011-11-05 01:59:09', 1332371196, 39, 0, 1, ''),
(1, 'dicoba bro...', 'Aay', 'aay_bro@yahoo.com', '2011-09-21 11:58:44', 1332371196, 7, 0, 1, ''),
(18, 'doakan saja mas semoga cmsid masih tetap hidup dengan sedikit kreasi kreasi yg kami kembngkan,...dan thanks atas partisipasinya....smoga cepet kelar studinya...smangat buat mas kukun', 'Eko Hendratno', 'admin@cmsid.org', '2012-01-20 18:50:34', 1332371196, 49, 17, 1, 'admin'),
(19, 'Thanks atas Tutorialnya... <br />\r\n\ncmsid OK banget...', 'zaidan', 'zaidanzahran@yahoo.co.id', '2012-01-24 13:37:16', 1332371196, 50, 0, 1, ''),
(20, 'Seep broo ... numpang sedot ya ... online terus maju terus', 'Abdul Adhim', 'adhim83@gmail.com', '2012-01-26 22:23:23', 1332371196, 52, 0, 1, ''),
(21, 'sama sama mas zaidan,...', 'Eko', 'admin@cmsid.org', '2012-01-27 08:50:44', 1332371196, 50, 19, 1, 'admin'),
(22, 'monggo mas bro...:)', 'Eko', 'admin@cmsid.org', '2012-01-27 08:51:17', 1332371196, 52, 20, 1, 'admin'),
(23, 'waduch bahaya nih mas bro seneng nyedot.. wkkwkwkwk', 'Kera Ngalam', 'cow_ngalam@yahoo.co.id', '2012-01-28 12:59:24', 1332371196, 52, 0, 1, ''),
(24, 'Gimana agar panel kanan tidak hilang jika kita klik continue reading.', 'Sodikin', 'hack.chin@gmail.com', '2012-02-16 09:25:58', 1332371196, 50, 0, 1, ''),
(25, 'Keren Mas Eko, Saya juga sedang merombak sytem AuraCMS agar lebih dipahami. Seep mas', 'Iwan', 'admin@auracms.org', '2012-03-22 12:20:32', 1332371196, 60, 0, 1, ''),
(26, 'Wah ada master auracms hehehe...sep mas maju terus pokoknya cms indo, sya juga mohon bimbingannya dari mas Iwan :)', 'Eko', 'id.hpaherba@yahoo.co.id', '2012-03-22 16:31:22', 1332371196, 60, 25, 1, 'admin'),
(27, 'cara updatenya gimana mas? <br />\r\n\ntutorialnya dung :)', 'terzier', 'terziersampurno@yahoo.co.id', '2012-03-24 15:28:22', 1332371196, 61, 0, 1, ''),
(29, 'cukup ganti versi lama dengan versi terbaru, dan untuk aplikasi, themes, dan plugin khusus versi 2.1 masih kompatible dengan versi ini', 'Eko', 'id.hpaherba@yahoo.co.id', '2012-03-26 13:36:01', 1332743761, 61, 27, 1, 'admin');

-- --------------------------------------------------------

--
-- Table structure for table `iw_post_topic`
--

DROP TABLE IF EXISTS `iw_post_topic`;
CREATE TABLE IF NOT EXISTS `iw_post_topic` (
  `id` int(12) NOT NULL AUTO_INCREMENT,
  `topic` varchar(100) NOT NULL,
  `desc` text NOT NULL,
  `public` int(1) NOT NULL DEFAULT '0',
  `status` int(1) NOT NULL DEFAULT '0',
  PRIMARY KEY (`id`)
) ENGINE=MyISAM  DEFAULT CHARSET=utf8 AUTO_INCREMENT=20 ;

--
-- Dumping data for table `iw_post_topic`
--

INSERT INTO `iw_post_topic` (`id`, `topic`, `desc`, `public`, `status`) VALUES
(4, 'Komputer dan Internet', 'Rublik berita seputar komputer dan internet yang sedang berlangsung', 0, 1),
(2, 'Tip dan Trik', 'Rublik berita seputar tips dan trik dari kontent cmsid', 0, 1),
(17, 'Feature', 'Rublik berita seputar feature feature yang ada pada cmsid', 0, 1),
(18, 'Release', 'Rublik berita seputar perilisan cmsid', 0, 1),
(19, 'Berita Terbaru', 'Berita terbaru seputar cmsid', 0, 1);

-- --------------------------------------------------------

--
-- Table structure for table `iw_stat_activity`
--

DROP TABLE IF EXISTS `iw_stat_activity`;
CREATE TABLE IF NOT EXISTS `iw_stat_activity` (
  `activity_id` int(11) NOT NULL AUTO_INCREMENT,
  `user_id` varchar(30) NOT NULL,
  `activity_name` varchar(80) NOT NULL,
  `activity_value` longtext NOT NULL,
  `activity_img` text NOT NULL,
  `activity_date` date NOT NULL,
  PRIMARY KEY (`activity_id`)
) ENGINE=InnoDB  DEFAULT CHARSET=latin1 AUTO_INCREMENT=20 ;

--
-- Dumping data for table `iw_stat_activity`
--

INSERT INTO `iw_stat_activity` (`activity_id`, `user_id`, `activity_name`, `activity_value`, `activity_img`, `activity_date`) VALUES
(2, 'admin', 'manager_options', '[{"activity":"mengubah settingan general option","time":1360672151,"clock":"12:29:11"}]', 'setting', '2013-02-12'),
(3, 'admin', 'manager_plugins', '[{"activity":"memperbaharui plugin codemirror/codemirror.php menjadi 1","time":1360672216,"clock":"12:30:16"},{"activity":"memperbaharui plugin disk-memory-usage.php menjadi 1","time":1360693368,"clock":"18:22:48"}]', 'plugin', '2013-02-12'),
(4, 'admin', 'post', '[{"activity":"memperbaharui post 4","time":1360798069,"clock":"23:27:49"},{"activity":"menyetujui status post 36 menjadi 1","time":1360798372,"clock":"23:32:52"}]', 'post', '2013-02-13'),
(5, 'admin', 'manager_plugins', '[{"activity":"memperbaharui plugin activity/activity.php menjadi 0","time":1360836950,"clock":"10:15:50"},{"activity":"memperbaharui plugin activity/activity.php menjadi 0","time":1360837035,"clock":"10:17:15"},{"activity":"memperbaharui plugin activity/activity.php menjadi 0","time":1360856568,"clock":"15:42:48"},{"activity":"memperbaharui plugin codemirror/codemirror.php menjadi 0","time":1360856568,"clock":"15:42:48"},{"activity":"memperbaharui plugin disk-memory-usage.php menjadi 0","time":1360856568,"clock":"15:42:48"},{"activity":"memperbaharui plugin timer.php menjadi 0","time":1360856568,"clock":"15:42:48"},{"activity":"memperbaharui plugin codemirror/codemirror.php menjadi 1","time":1360856574,"clock":"15:42:54"},{"activity":"memperbaharui plugin disk-memory-usage.php menjadi 1","time":1360856577,"clock":"15:42:57"}]', 'plugin', '2013-02-14'),
(6, 'admin', 'manager_options', '[{"activity":"mengubah settingan general option","time":1360853253,"clock":"14:47:33"},{"activity":"mengubah settingan general option","time":1360853258,"clock":"14:47:38"}]', 'setting', '2013-02-14'),
(7, 'admin', 'manager_options', '[{"activity":"mengubah settingan general option","time":1360981464,"clock":"02:24:24"},{"activity":"mengubah settingan general option","time":1360981484,"clock":"02:24:44"}]', 'setting', '2013-02-16'),
(8, 'admin', 'manager_options', '[{"activity":"mengubah settingan general option","time":1362079960,"clock":"19:32:40"}]', 'setting', '2013-02-28'),
(9, 'admin', 'post', '[{"activity":"mengubah status post 36 menjadi 0","time":1362148140,"clock":"14:29:00"},{"activity":"mengubah status post 36 menjadi 0","time":1362148191,"clock":"14:29:51"},{"activity":"mengubah status post 36 menjadi 0","time":1362148216,"clock":"14:30:16"},{"activity":"mengubah status post 36 menjadi 0","time":1362148227,"clock":"14:30:27"},{"activity":"mengubah status post 36 menjadi 0","time":1362148257,"clock":"14:30:57"},{"activity":"mengubah status post 36 menjadi 0","time":1362148305,"clock":"14:31:45"}]', 'post', '2013-03-01'),
(10, 'admin', 'theme', '[{"activity":"editing theme using theme editor","time":1363519934,"clock":"11:32:14"}]', 'write', '2013-03-17'),
(11, 'admin', 'theme', '[{"activity":"Menghapus widget '' dari sidebar ''","time":1363591185,"clock":"07:19:45"}]', 'appearance', '2013-03-18'),
(12, 'admin', 'post', '[{"activity":"mengubah status post 73 menjadi 1","time":1363618422,"clock":"14:53:42"},{"activity":"menyetujui status post 73 menjadi 1","time":1363618426,"clock":"14:53:46"}]', 'post', '2013-03-18'),
(13, 'admin', 'manager_options', '[{"activity":"mengubah settingan general option","time":1363647997,"clock":"23:06:37"},{"activity":"mengubah settingan general option","time":1363648235,"clock":"23:10:35"},{"activity":"mengubah settingan general option","time":1363648858,"clock":"23:20:58"},{"activity":"mengubah settingan general option","time":1363648887,"clock":"23:21:27"},{"activity":"mengubah settingan general option","time":1363648896,"clock":"23:21:36"}]', 'setting', '2013-03-18'),
(14, 'admin', 'post', '[{"activity":"menghapus post 75","time":1363652878,"clock":"00:27:58"},{"activity":"mengubah status post 73 menjadi 0","time":1363654061,"clock":"00:47:41"},{"activity":"menyetujui status post 73 menjadi 0","time":1363654063,"clock":"00:47:43"}]', 'post', '2013-03-19'),
(15, 'admin', 'manager_options', '[{"activity":"mengubah settingan general option","time":1363682740,"clock":"08:45:40"}]', 'setting', '2013-03-19'),
(16, 'admin', 'post', '[{"activity":"menyetujui status post 18 menjadi 1","time":1363791787,"clock":"15:03:07"},{"activity":"menyetujui status post 17 menjadi 1","time":1363791789,"clock":"15:03:09"},{"activity":"menyetujui status post 16 menjadi 1","time":1363791792,"clock":"15:03:12"},{"activity":"menyetujui status post 15 menjadi 1","time":1363791794,"clock":"15:03:14"},{"activity":"menyetujui status post 9 menjadi 1","time":1363791797,"clock":"15:03:17"},{"activity":"menyetujui status post 39 menjadi 1","time":1363791811,"clock":"15:03:31"},{"activity":"menyetujui status post 20 menjadi 1","time":1363791815,"clock":"15:03:35"},{"activity":"menyetujui status post 38 menjadi 1","time":1363791817,"clock":"15:03:37"},{"activity":"menyetujui status post 37 menjadi 1","time":1363791820,"clock":"15:03:40"},{"activity":"menyetujui status post 36 menjadi 1","time":1363791823,"clock":"15:03:43"},{"activity":"menyetujui status post 35 menjadi 1","time":1363791825,"clock":"15:03:45"},{"activity":"menyetujui status post 34 menjadi 1","time":1363791827,"clock":"15:03:47"},{"activity":"menyetujui status post 33 menjadi 1","time":1363791830,"clock":"15:03:50"},{"activity":"menyetujui status post 32 menjadi 1","time":1363791832,"clock":"15:03:52"},{"activity":"menyetujui status post 31 menjadi 1","time":1363791834,"clock":"15:03:54"},{"activity":"menyetujui status post 30 menjadi 1","time":1363791837,"clock":"15:03:57"},{"activity":"menyetujui status post 29 menjadi 1","time":1363791839,"clock":"15:03:59"},{"activity":"menyetujui status post 28 menjadi 1","time":1363791844,"clock":"15:04:04"},{"activity":"menyetujui status post 27 menjadi 1","time":1363791848,"clock":"15:04:08"},{"activity":"menyetujui status post 26 menjadi 1","time":1363791851,"clock":"15:04:11"},{"activity":"menyetujui status post 25 menjadi 1","time":1363791854,"clock":"15:04:14"},{"activity":"menyetujui status post 24 menjadi 1","time":1363791857,"clock":"15:04:17"},{"activity":"menyetujui status post 23 menjadi 1","time":1363791860,"clock":"15:04:20"},{"activity":"menyetujui status post 22 menjadi 1","time":1363791863,"clock":"15:04:23"},{"activity":"menyetujui status post 21 menjadi 1","time":1363791866,"clock":"15:04:26"},{"activity":"menyetujui status post 2 menjadi 1","time":1363792201,"clock":"15:10:01"},{"activity":"menyetujui status post 44 menjadi 1","time":1363792203,"clock":"15:10:03"},{"activity":"menyetujui status post 45 menjadi 1","time":1363792205,"clock":"15:10:05"},{"activity":"menyetujui status post 46 menjadi 1","time":1363792208,"clock":"15:10:08"},{"activity":"menyetujui status post 47 menjadi 1","time":1363792210,"clock":"15:10:10"},{"activity":"menyetujui status post 68 menjadi 1","time":1363792216,"clock":"15:10:16"},{"activity":"menyetujui status post 67 menjadi 1","time":1363792218,"clock":"15:10:18"},{"activity":"menyetujui status post 66 menjadi 1","time":1363792220,"clock":"15:10:20"},{"activity":"menyetujui status post 65 menjadi 1","time":1363792223,"clock":"15:10:23"},{"activity":"menyetujui status post 64 menjadi 1","time":1363792237,"clock":"15:10:37"},{"activity":"menyetujui status post 63 menjadi 1","time":1363792239,"clock":"15:10:39"},{"activity":"menyetujui status post 62 menjadi 1","time":1363792241,"clock":"15:10:41"},{"activity":"menyetujui status post 61 menjadi 1","time":1363792244,"clock":"15:10:44"},{"activity":"menyetujui status post 60 menjadi 1","time":1363792246,"clock":"15:10:46"},{"activity":"menyetujui status post 59 menjadi 1","time":1363792248,"clock":"15:10:48"},{"activity":"menyetujui status post 58 menjadi 1","time":1363792251,"clock":"15:10:51"},{"activity":"menyetujui status post 57 menjadi 1","time":1363792253,"clock":"15:10:53"},{"activity":"menyetujui status post 56 menjadi 1","time":1363792256,"clock":"15:10:56"},{"activity":"menyetujui status post 55 menjadi 1","time":1363792258,"clock":"15:10:58"},{"activity":"menyetujui status post 54 menjadi 1","time":1363792262,"clock":"15:11:02"},{"activity":"menyetujui status post 53 menjadi 1","time":1363792264,"clock":"15:11:04"},{"activity":"menyetujui status post 52 menjadi 1","time":1363792268,"clock":"15:11:08"},{"activity":"menyetujui status post 51 menjadi 1","time":1363792271,"clock":"15:11:11"},{"activity":"menyetujui status post 50 menjadi 1","time":1363792275,"clock":"15:11:15"},{"activity":"menyetujui status post 49 menjadi 1","time":1363792278,"clock":"15:11:18"}]', 'post', '2013-03-20'),
(17, 'admin', 'theme', '[{"activity":"Menerapkan themes portal","time":1363792657,"clock":"15:17:37"},{"activity":"Menerapkan themes portal","time":1363793389,"clock":"15:29:49"}]', 'appearance', '2013-03-20'),
(18, 'admin', 'post', '[{"activity":"menyetujui status post 48 menjadi 1","time":1363829811,"clock":"01:36:51"},{"activity":"menyetujui status post 43 menjadi 1","time":1363829814,"clock":"01:36:54"},{"activity":"menyetujui status post 42 menjadi 1","time":1363829817,"clock":"01:36:57"},{"activity":"menyetujui status post 40 menjadi 1","time":1363829819,"clock":"01:36:59"},{"activity":"menyetujui status post 39 menjadi 1","time":1363829822,"clock":"01:37:02"},{"activity":"menyetujui status post 38 menjadi 1","time":1363829825,"clock":"01:37:05"},{"activity":"menyetujui status post 36 menjadi 1","time":1363829827,"clock":"01:37:07"},{"activity":"menyetujui status post 35 menjadi 1","time":1363829829,"clock":"01:37:09"},{"activity":"menyetujui status post 34 menjadi 1","time":1363829832,"clock":"01:37:12"},{"activity":"menyetujui status post 7 menjadi 1","time":1363829834,"clock":"01:37:14"},{"activity":"menyetujui status post 6 menjadi 1","time":1363829837,"clock":"01:37:17"},{"activity":"menyetujui status post 5 menjadi 1","time":1363829839,"clock":"01:37:19"},{"activity":"menyetujui status post 3 menjadi 1","time":1363829842,"clock":"01:37:22"}]', 'post', '2013-03-21'),
(19, 'admin', 'theme', '[{"activity":"Menghapus widget '' dari sidebar ''","time":1363829964,"clock":"01:39:24"}]', 'appearance', '2013-03-21');

-- --------------------------------------------------------

--
-- Table structure for table `iw_stat_browse`
--

DROP TABLE IF EXISTS `iw_stat_browse`;
CREATE TABLE IF NOT EXISTS `iw_stat_browse` (
  `title` varchar(255) NOT NULL DEFAULT '',
  `option` text NOT NULL,
  `hits` text NOT NULL,
  PRIMARY KEY (`title`)
) ENGINE=MyISAM DEFAULT CHARSET=latin1;

--
-- Dumping data for table `iw_stat_browse`
--

INSERT INTO `iw_stat_browse` (`title`, `option`, `hits`) VALUES
('browser', 'Opera#Mozilla Firefox#Galeon#Mozilla#MyIE#Lynx#Netscape#Konqueror#SearchBot#Internet Explorer 6#Internet Explorer 7#Internet Explorer 8#Internet Explorer 9#Internet Explorer 10#Other#', '1#14#0#163#0#0#0#0#0#0#0#1#1#0#0#'),
('os', 'Windows#Mac#Linux#FreeBSD#SunOS#IRIX#BeOS#OS/2#AIX#Other#', '180#0#0#0#0#0#0#0#0#0#'),
('day', 'Minggu#Senin#Selasa#Rabu#Kamis#Jumat#Sabtu#', '26#28#29#26#36#20#15#'),
('month', 'Januari#Februari#Maret#April#Mei#Juni#Juli#Agustus#September#Oktober#November#Desember#', '90#18#29#0#0#0#0#0#0#0#1#42#'),
('clock', '0:00 - 0:59#1:00 - 1:59#2:00 - 2:59#3:00 - 3:59#4:00 - 4:59#5:00 - 5:59#6:00 - 6:59#7:00 - 7:59#8:00 - 8:59#9:00 - 9:59#10:00 - 10:59#11:00 - 11:59#12:00 - 12:59#13:00 - 13:59#14:00 - 14:59#15:00 - 15:59#16:00 - 16:59#17:00 - 17:59#18:00 - 18:59#19:00 - 19:59#20:00 - 20:59#21:00 - 21:59#22:00 - 22:59#23:00 - 23:59#', '8#6#6#8#10#4#4#24#19#5#6#6#9#6#12#19#3#3#3#2#0#3#7#7#'),
('country', '#', '1#');

-- --------------------------------------------------------

--
-- Table structure for table `iw_stat_count`
--

DROP TABLE IF EXISTS `iw_stat_count`;
CREATE TABLE IF NOT EXISTS `iw_stat_count` (
  `id` tinyint(11) NOT NULL AUTO_INCREMENT,
  `ip` text NOT NULL,
  `counter` int(11) NOT NULL DEFAULT '0',
  `hits` int(11) NOT NULL DEFAULT '0',
  PRIMARY KEY (`id`)
) ENGINE=MyISAM  DEFAULT CHARSET=utf8 AUTO_INCREMENT=2 ;

--
-- Dumping data for table `iw_stat_count`
--

INSERT INTO `iw_stat_count` (`id`, `ip`, `counter`, `hits`) VALUES
(1, '::1', 32, 1553);

-- --------------------------------------------------------

--
-- Table structure for table `iw_stat_online`
--

DROP TABLE IF EXISTS `iw_stat_online`;
CREATE TABLE IF NOT EXISTS `iw_stat_online` (
  `id` int(11) NOT NULL AUTO_INCREMENT,
  `ipproxy` varchar(100) DEFAULT NULL,
  `host` varchar(100) DEFAULT NULL,
  `ipanda` varchar(100) DEFAULT NULL,
  `proxyserver` varchar(100) DEFAULT NULL,
  `timevisit` int(11) NOT NULL DEFAULT '0',
  PRIMARY KEY (`id`)
) ENGINE=MyISAM  DEFAULT CHARSET=utf8 AUTO_INCREMENT=1365 ;

--
-- Dumping data for table `iw_stat_online`
--

INSERT INTO `iw_stat_online` (`id`, `ipproxy`, `host`, `ipanda`, `proxyserver`, `timevisit`) VALUES
(1364, '::1', 'Azza-PC', '::1', '', 1363830183);

-- --------------------------------------------------------

--
-- Table structure for table `iw_stat_onlineday`
--

DROP TABLE IF EXISTS `iw_stat_onlineday`;
CREATE TABLE IF NOT EXISTS `iw_stat_onlineday` (
  `id` int(11) NOT NULL AUTO_INCREMENT,
  `ipproxy` varchar(100) DEFAULT NULL,
  `host` varchar(100) DEFAULT NULL,
  `ipanda` varchar(100) DEFAULT NULL,
  `proxyserver` varchar(100) DEFAULT NULL,
  `timevisit` int(11) NOT NULL DEFAULT '0',
  PRIMARY KEY (`id`)
) ENGINE=MyISAM  DEFAULT CHARSET=utf8 AUTO_INCREMENT=233 ;

--
-- Dumping data for table `iw_stat_onlineday`
--

INSERT INTO `iw_stat_onlineday` (`id`, `ipproxy`, `host`, `ipanda`, `proxyserver`, `timevisit`) VALUES
(232, '::1', 'Azza-PC', '::1', '', 1363830183);

-- --------------------------------------------------------

--
-- Table structure for table `iw_stat_onlinemonth`
--

DROP TABLE IF EXISTS `iw_stat_onlinemonth`;
CREATE TABLE IF NOT EXISTS `iw_stat_onlinemonth` (
  `id` int(11) NOT NULL AUTO_INCREMENT,
  `ipproxy` varchar(100) DEFAULT NULL,
  `host` varchar(100) DEFAULT NULL,
  `ipanda` varchar(100) DEFAULT NULL,
  `proxyserver` varchar(100) DEFAULT NULL,
  `timevisit` int(11) NOT NULL DEFAULT '0',
  PRIMARY KEY (`id`)
) ENGINE=MyISAM  DEFAULT CHARSET=utf8 AUTO_INCREMENT=133 ;

--
-- Dumping data for table `iw_stat_onlinemonth`
--

INSERT INTO `iw_stat_onlinemonth` (`id`, `ipproxy`, `host`, `ipanda`, `proxyserver`, `timevisit`) VALUES
(128, '::1', 'Azza-PC', '::1', '', 1363830183),
(132, '127.0.0.1', 'azza-PC', '127.0.0.1', '', 1362160120);

-- --------------------------------------------------------

--
-- Table structure for table `iw_stat_urls`
--

DROP TABLE IF EXISTS `iw_stat_urls`;
CREATE TABLE IF NOT EXISTS `iw_stat_urls` (
  `id` int(11) NOT NULL AUTO_INCREMENT,
  `domain` varchar(256) NOT NULL,
  `referrer` longtext NOT NULL,
  `search_terms` text NOT NULL,
  `hits` int(11) NOT NULL DEFAULT '1',
  `date_modif` datetime NOT NULL,
  PRIMARY KEY (`id`)
) ENGINE=MyISAM DEFAULT CHARSET=latin1 AUTO_INCREMENT=1 ;

-- --------------------------------------------------------

--
-- Table structure for table `iw_users`
--

DROP TABLE IF EXISTS `iw_users`;
CREATE TABLE IF NOT EXISTS `iw_users` (
  `ID` bigint(20) unsigned NOT NULL AUTO_INCREMENT,
  `user_login` varchar(60) NOT NULL,
  `user_author` varchar(80) NOT NULL,
  `user_pass` varchar(64) NOT NULL,
  `user_email` varchar(100) NOT NULL,
  `user_sex` enum('p','l') NOT NULL,
  `user_registered` datetime NOT NULL,
  `user_last_update` datetime NOT NULL,
  `user_activation_key` varchar(60) NOT NULL,
  `user_level` varchar(25) NOT NULL DEFAULT 'user',
  `user_url` varchar(100) NOT NULL,
  `display_name` smallint(250) NOT NULL,
  `user_country` varchar(64) NOT NULL,
  `user_province` varchar(80) NOT NULL,
  `user_avatar` longtext NOT NULL,
  `user_status` int(1) NOT NULL DEFAULT '0',
  PRIMARY KEY (`ID`)
) ENGINE=MyISAM  DEFAULT CHARSET=latin1 AUTO_INCREMENT=19 ;

--
-- Dumping data for table `iw_users`
--

INSERT INTO `iw_users` (`ID`, `user_login`, `user_author`, `user_pass`, `user_email`, `user_sex`, `user_registered`, `user_last_update`, `user_activation_key`, `user_level`, `user_url`, `display_name`, `user_country`, `user_province`, `user_avatar`, `user_status`) VALUES
(1, 'admin', 'Eko Azza', '21232f297a57a5a743894a0e4a801fc3', 'admin@cmsid.org', 'l', '2010-03-02 13:09:37', '2013-03-20 23:01:42', '', 'admin', 'http://cmsid.org', 0, 'ID', 'Bandar Lampung', '20130121022320@57ab61ce05cf11e2bf7c22000a1e9ddc_7.jpg', 1),
(2, 'user', 'Example', 'ee11cbb19052e40b07aac0ca060c23ee', 'user@demo.com', 'l', '2010-08-04 09:06:13', '2013-03-19 12:07:25', '', 'user', '', 0, 'ID', 'Bandar Lampung', '', 1);

/*!40101 SET CHARACTER_SET_CLIENT=@OLD_CHARACTER_SET_CLIENT */;
/*!40101 SET CHARACTER_SET_RESULTS=@OLD_CHARACTER_SET_RESULTS */;
/*!40101 SET COLLATION_CONNECTION=@OLD_COLLATION_CONNECTION */;
